place,latitude,longitude,count
"Lima, Peru",-12.0621065,-77.0365256,1
"Sucre, Provincia Oropeza, Chuquisaca, 9999, Bolivia",-19.0477251,-65.2594306,1
"Guadalajara, Jalisco, 44360, México",20.6720375,-103.3383962,1
"Caracas, Municipio Libertador, Distrito Capital, Región Capital, 1010-A, Venezuela",10.506098,-66.9146017,1
"Monterrey, Nuevo León, México",25.63978365,-100.293101629066,1
"St. Gallen, Wahlkreis St. Gallen, Sankt Gallen, Switzerland",47.4250593,9.3765878,1
"Puebla, México",18.833333,-98.0,1
"La Paz, Provincia Pedro Domingo Murillo, La Paz, Bolivia",-16.4955455,-68.1336229,1
"Buenos Aires, Ciudad Autónoma de Buenos Aires, Argentina",-34.6075616,-58.437076,1
"Ciudad de México, Cuauhtémoc, Ciudad de México, 06060, México",19.4326009,-99.1333416,1
"Buenos Aires, Ciudad Autónoma de Buenos Aires, Argentina",-34.6075616,-58.437076,1
"Котово, Котовский район, Волгоградская область, Южный федеральный округ, 403805, Россия",50.322208,44.801643,1
"Buenos Aires, Ciudad Autónoma de Buenos Aires, Argentina",-34.6075616,-58.437076,1
"Chilpancingo, Chilpancingo de los Bravo, Guerrero, 39000, México",17.5542149,-99.5048416,1
"Buenos Aires, Ciudad Autónoma de Buenos Aires, Argentina",-34.6075616,-58.437076,1
"Caracas, Municipio Libertador, Distrito Capital, Región Capital, 1010-A, Venezuela",10.506098,-66.9146017,1
"Rio de Janeiro, Microrregião Rio de Janeiro, Região Metropolitana do Rio de Janeiro, Rio de Janeiro, Região Sudeste, Brasil",-22.9110137,-43.2093727,1
"La Paz, Provincia Pedro Domingo Murillo, La Paz, Bolivia",-16.4955455,-68.1336229,1
"Cochabamba, Kanata, Cercado, Cochabamba, Bolivia",-17.3935853,-66.1569588,1
"Santa Cruz de la Sierra, Provincia Andrés Ibáñez, Santa Cruz, 3212, Bolivia",-17.7834936,-63.1820853,1
"Distrito Federal, Região Centro-Oeste, Brasil",-15.7754462,-47.7970891,1
"Córdoba, Andalucía, España",37.8845813,-4.7760138,1
"Coronel Oviedo, Caaguazú, Región Oriental, 3300, Paraguay",-25.450055,-56.4406994,1
"Belo Horizonte, Microrregião Belo Horizonte, Região Metropolitana de Belo Horizonte, Mesorregião Metropolitana de Belo Horizonte, Minas Gerais, Região Sudeste, Brasil",-19.9227318,-43.9450948,1
"Loja, Comarca de Loja, Granada, Andalucía, España",37.1664839,-4.1496374,1
"Guápiles, Cantón Pococí, Provincia Limón, 70201, Costa Rica",10.2152164,-83.7913841,1
"La Paz, Provincia Pedro Domingo Murillo, La Paz, Bolivia",-16.4955455,-68.1336229,1
Colombia,2.8894434,-73.783892,1
"La Paz, Provincia Pedro Domingo Murillo, La Paz, Bolivia",-16.4955455,-68.1336229,1
"Bahía Blanca, Partido de Bahía Blanca, Buenos Aires, Argentina",-38.7182364,-62.266245,1
"White Plains, Westchester County, New York, United States",41.0339862,-73.7629097,1
"Avellaneda, Partido de Avellaneda, Buenos Aires, 1870, Argentina",-34.6648394,-58.3628061,1
"Miami, Miami-Dade County, Florida, United States of America",25.7742658,-80.1936589,1
"Cincinnati, Hamilton County, Ohio, United States of America",39.1014537,-84.5124602,1
"La Paz, Provincia Pedro Domingo Murillo, La Paz, Bolivia",-16.4955455,-68.1336229,1
"São Paulo, Região Imediata de São Paulo, Região Metropolitana de São Paulo, Região Intermediária de São Paulo, São Paulo, Região Sudeste, Brasil",-23.5506507,-46.6333824,1
"Bogotá, Distrito Capital de Bogotá, 110321, Colombia",4.59808,-74.0760439,1
Bolivia,-17.0568696,-64.9912286,1
"Evolución, Guadalupe, Nuevo León, México",25.6702323,-100.146835526321,1
"Miami, Miami-Dade County, Florida, United States of America",25.7742658,-80.1936589,1
"Santa Cruz, Argentina",-48.5693327,-70.1606767,1
"La Paz, Provincia Pedro Domingo Murillo, La Paz, Bolivia",-16.4955455,-68.1336229,1
"Toluca, Estado de México, 50150, México",19.292545,-99.6569007,1
"Santiago, Cantón Paraíso, Provincia Cartago, 30202, Costa Rica",9.8694792,-83.7980749,1
"València, Comarca de València, València / Valencia, Comunitat Valenciana, España",39.4699014,-0.3759513,1
"Santa Cruz, Argentina",-48.5693327,-70.1606767,1
"Buenos Aires, Ciudad Autónoma de Buenos Aires, Argentina",-34.6075616,-58.437076,1
"Caracas, Municipio Libertador, Distrito Capital, Región Capital, 1010-A, Venezuela",10.506098,-66.9146017,1
"Tabasco, México",17.95078635,-92.483122132414,1
"Ciudad de México, Cuauhtémoc, Ciudad de México, 06060, México",19.4326009,-99.1333416,1
"Cochabamba, Kanata, Cercado, Cochabamba, Bolivia",-17.3935853,-66.1569588,1
"Rosario, Municipio de Rosario, Departamento Rosario, Santa Fe, S2000, Argentina",-32.9595004,-60.6615415,1
"Buenos Aires, Ciudad Autónoma de Buenos Aires, Argentina",-34.6075616,-58.437076,1
"Guadalajara, Jalisco, 44360, México",20.6720375,-103.3383962,1
"Apóstoles, Municipio de Apóstoles, Departamento Apóstoles, Misiones, 3350, Argentina",-27.9139657,-55.7549174,1
"Toluca, Estado de México, 50150, México",19.292545,-99.6569007,1
"Cuenca, Castilla-La Mancha, España",40.0681156,-2.1348241,1
"Caracas, Municipio Libertador, Distrito Capital, Región Capital, 1010-A, Venezuela",10.506098,-66.9146017,1
"Los Angeles, Los Angeles County, California, United States of America",34.0536909,-118.2427666,1
"Montréal, Agglomération de Montréal, Montréal (06), Québec, Canada",45.4972159,-73.6103642,1
"Santa Cruz, Argentina",-48.5693327,-70.1606767,1
"Nuevo León, México",26.2384363,-99.8873,1
"Tampico, Tamaulipas, 89160, México",22.2329889,-97.8614802,1
"Maracaibo, Municipio Maracaibo, Zulia, 4001, Venezuela",10.6499149,-71.6396282,1
"Nueva Santa Anita, Iztacalco, Ciudad de México, 08210, México",19.3995065,-99.1269451,1
"La Paz, Provincia Pedro Domingo Murillo, La Paz, Bolivia",-16.4955455,-68.1336229,1
"La Paz, Provincia Pedro Domingo Murillo, La Paz, Bolivia",-16.4955455,-68.1336229,1
"Roma, Roma Capitale, Lazio, Italia",41.894802,12.4853384,1
"Três Lagoas, Microrregião de Três Lagoas, Mesorregião Leste de Mato Grosso do Sul, Mato Grosso do Sul, Região Centro-Oeste, Brasil",-20.7866799,-51.7061247,1
"Acapulco, Acapulco de Juárez, Guerrero, 39300, México",16.8680495,-99.8940182,1
"San Juan, Puerto Rico, 00901, United States of America",18.465299,-66.116666,1
"Santa Cruz, Argentina",-48.5693327,-70.1606767,1
"Carapicuíba, Região Imediata de São Paulo, Região Metropolitana de São Paulo, Região Intermediária de São Paulo, São Paulo, Região Sudeste, Brasil",-23.5234673,-46.8406808,1
"Puerto Varas, Provincia de Llanquihue, Región de Los Lagos, Chile",-41.3178431,-72.9827187,1
"Portland, Multnomah County, Oregon, United States of America",45.5202471,-122.6741949,1
"Córdoba, Andalucía, España",37.8845813,-4.7760138,1
"Buenos Aires, Ciudad Autónoma de Buenos Aires, Argentina",-34.6075616,-58.437076,1
"Toulouse, Haute-Garonne, Occitanie, France métropolitaine, France",43.6044622,1.4442469,1
"Buenos Aires, Ciudad Autónoma de Buenos Aires, Argentina",-34.6075616,-58.437076,1
"Monterrey, Nuevo León, México",25.63978365,-100.293101629066,1
"Cochabamba, Kanata, Cercado, Cochabamba, Bolivia",-17.3935853,-66.1569588,1
"Bragança Paulista, Região Imediata de Bragança Paulista, São Paulo, Região Sudeste, Brasil",-22.9520235,-46.5418586,1
"Chicago, Cook County, Illinois, United States of America",41.8755616,-87.6244212,1
Argentina,-34.9964963,-64.9672817,1
"El Salto, Jalisco, México",20.53910005,-103.240377528528,1
"Zona Hotelera, San José del Cabo, Los Cabos, Baja California Sur, 23400, México",23.0443231,-109.6994412,1
"Centre-Val de Loire, France métropolitaine, France",47.5490251,1.7324062,1
"Santa Cruz, Argentina",-48.5693327,-70.1606767,1
"São Paulo, Região Imediata de São Paulo, Região Metropolitana de São Paulo, Região Intermediária de São Paulo, São Paulo, Região Sudeste, Brasil",-23.5506507,-46.6333824,1
"Santa Cruz, Argentina",-48.5693327,-70.1606767,1
"Madrid, Área metropolitana de Madrid y Corredor del Henares, Comunidad de Madrid, 28001, España",40.4167047,-3.7035825,1
"Santa Cruz, Argentina",-48.5693327,-70.1606767,1
"Iquique, Provincia de Iquique, Región de Tarapacá, Chile",-20.2140657,-70.1524646,1
"La Paz, Provincia Pedro Domingo Murillo, La Paz, Bolivia",-16.4955455,-68.1336229,1
"Guadalajara, Jalisco, 44360, México",20.6720375,-103.3383962,1
"Los Angeles, Los Angeles County, California, United States of America",34.0536909,-118.2427666,1
"Buenos Aires, Ciudad Autónoma de Buenos Aires, Argentina",-34.6075616,-58.437076,1
"Casa Mosquera, Corral de Almaguer, Toledo, Castilla-La Mancha, España",39.6830845,-3.123565,1
"La Paz, Provincia Pedro Domingo Murillo, La Paz, Bolivia",-16.4955455,-68.1336229,1
"La Paz, Provincia Pedro Domingo Murillo, La Paz, Bolivia",-16.4955455,-68.1336229,1
"Cuenca, Castilla-La Mancha, España",40.0681156,-2.1348241,1
"Masaya, Masaya (Municipio), Masaya, 41000, Nicaragua",11.9763955,-86.0882612,1
"La Paz, Provincia Pedro Domingo Murillo, La Paz, Bolivia",-16.4955455,-68.1336229,1
"Santa Cruz, Argentina",-48.5693327,-70.1606767,1
"Buenos Aires, Ciudad Autónoma de Buenos Aires, Argentina",-34.6075616,-58.437076,1
"Maipú, Provincia de Santiago, Región Metropolitana de Santiago, Chile",-33.5094409,-70.756182,1
"San Fernando, Chiapas, México",16.9134645,-93.2203812018791,1
"Buenos Aires, Ciudad Autónoma de Buenos Aires, Argentina",-34.6075616,-58.437076,1
"Tacna, Perú",-18.0138696,-70.2511597,1
"Vicente López, Partido de Vicente López, Buenos Aires, Argentina",-34.5244484,-58.5036282,1
"Jalisco, México",20.3333331,-103.6666671,1
"Ciudad de México, Cuauhtémoc, Ciudad de México, 06060, México",19.4326009,-99.1333416,1
"Zirc, Zirci járás, Veszprém megye, Közép-Dunántúl, Dunántúl, 8420, Magyarország",47.2613795,17.8718188,1
"Puebla, México",18.833333,-98.0,1
"Santa Cruz, Argentina",-48.5693327,-70.1606767,1
"Cochabamba, Kanata, Cercado, Cochabamba, Bolivia",-17.3935853,-66.1569588,1
"Bogotá, Distrito Capital de Bogotá, 110321, Colombia",4.59808,-74.0760439,1
"Santa Cruz de la Sierra, Provincia Andrés Ibáñez, Santa Cruz, 3212, Bolivia",-17.7834936,-63.1820853,1
"Santo Domingo, Santo Domingo De Guzmán, Distrito Nacional, 10129, República Dominicana",18.4801972,-69.942111,1
"Berlin, 10117, Deutschland",52.5170365,13.3888599,1
"Bogotá, Distrito Capital de Bogotá, 110321, Colombia",4.59808,-74.0760439,1
"Santo Tomás, Departamento de San Salvador, República de El Salvador",13.64244735,-89.1478442079655,1
"Caracas, Municipio Libertador, Distrito Capital, Región Capital, 1010-A, Venezuela",10.506098,-66.9146017,1
"Zapopan, Jalisco, 45129, México",20.7032055,-103.4261243,1
"Tabasco, México",17.95078635,-92.483122132414,1
"Juárez, Nuevo León, México",25.6076075,-100.156794109351,1
"Minas Gerais, Região Sudeste, Brasil",-18.5264844,-44.1588654,1
"Madrid, Área metropolitana de Madrid y Corredor del Henares, Comunidad de Madrid, 28001, España",40.4167047,-3.7035825,1
"Mérida, Badajoz, Extremadura, 06800, España",38.9174665,-6.3443977,1
"Toulouse, Haute-Garonne, Occitanie, France métropolitaine, France",43.6044622,1.4442469,1
"Esmeraldas, Ecuador",0.7343619,-79.3858867,1
"Maipú, Provincia de Santiago, Región Metropolitana de Santiago, Chile",-33.5094409,-70.756182,1
"🅿️, Avenida Gregorio Riva, Villa Lora, La Vega, 48000, República Dominicana",19.2252525,-70.5087602800839,1
"Buenos Aires, Ciudad Autónoma de Buenos Aires, Argentina",-34.6075616,-58.437076,1
"Bogotá, Distrito Capital de Bogotá, 110321, Colombia",4.59808,-74.0760439,1
"Merlo, Partido de Merlo, Buenos Aires, Argentina",-34.6604988,-58.7321695,1
"Distrito Federal, Região Centro-Oeste, Brasil",-15.7754462,-47.7970891,1
"La Paz, Provincia Pedro Domingo Murillo, La Paz, Bolivia",-16.4955455,-68.1336229,1
"Colina, Provincia de Chacabuco, Región Metropolitana de Santiago, Chile",-33.202472,-70.6749147,1
"Ciudad de México, Cuauhtémoc, Ciudad de México, 06060, México",19.4326009,-99.1333416,1
"Zapopan, Jalisco, 45129, México",20.7032055,-103.4261243,1
"Villa Ángela, Pasto, Nariño, Colombia",1.21483095,-77.2674368849643,1
"Maine, United States of America",45.709097,-68.8590201,1
"La Paz, Provincia Pedro Domingo Murillo, La Paz, Bolivia",-16.4955455,-68.1336229,1
"Caracas, Municipio Libertador, Distrito Capital, Región Capital, 1010-A, Venezuela",10.506098,-66.9146017,1
"Buenos Aires, Ciudad Autónoma de Buenos Aires, Argentina",-34.6075616,-58.437076,1
"Mérida, Badajoz, Extremadura, 06800, España",38.9174665,-6.3443977,1
"São Paulo, Região Imediata de São Paulo, Região Metropolitana de São Paulo, Região Intermediária de São Paulo, São Paulo, Região Sudeste, Brasil",-23.5506507,-46.6333824,1
"Esmeraldas, Ecuador",0.7343619,-79.3858867,1
"São Paulo, Região Imediata de São Paulo, Região Metropolitana de São Paulo, Região Intermediária de São Paulo, São Paulo, Região Sudeste, Brasil",-23.5506507,-46.6333824,1
"Comunidad de Madrid, España",40.5248319,-3.77156277545181,1
"Machala, El Oro, Ecuador",-3.2587494,-79.9595133,1
"Buenos Aires, Ciudad Autónoma de Buenos Aires, Argentina",-34.6075616,-58.437076,1
"Guadalajara, Jalisco, 44360, México",20.6720375,-103.3383962,1
"Caracas, Municipio Libertador, Distrito Capital, Región Capital, 1010-A, Venezuela",10.506098,-66.9146017,1
"Alcantarilla, Área Metropolitana de Murcia, Región de Murcia, 30820, España",37.9674749,-1.2149852,1
"Rosario, Municipio de Rosario, Departamento Rosario, Santa Fe, S2000, Argentina",-32.9595004,-60.6615415,1
"Caracas, Municipio Libertador, Distrito Capital, Región Capital, 1010-A, Venezuela",10.506098,-66.9146017,1
"Veracruz de Ignacio de la Llave, México",19.333333,-96.666667,1
"Naucalpan, Naucalpan de Juárez, Estado de México, 53580, México",19.4785796,-99.2328791,1
"Mataderos, Buenos Aires, Ciudad Autónoma de Buenos Aires, Argentina",-34.6578631,-58.5017617,1
"Ciudad de Mendoza, Sección 2ª Barrio Cívico, Departamento Capital, Mendoza, Argentina",-32.8897294,-68.8442956,1
"Almoloya de Alquisiras, Estado de México, México",18.85062925,-99.8686946908273,1
"Montréal, Agglomération de Montréal, Montréal (06), Québec, Canada",45.4972159,-73.6103642,1
"Nuevo León, México",26.2384363,-99.8873,1
"La Paz, Provincia Pedro Domingo Murillo, La Paz, Bolivia",-16.4955455,-68.1336229,1
"São Paulo, Região Imediata de São Paulo, Região Metropolitana de São Paulo, Região Intermediária de São Paulo, São Paulo, Região Sudeste, Brasil",-23.5506507,-46.6333824,1
"Montréal, Agglomération de Montréal, Montréal (06), Québec, Canada",45.4972159,-73.6103642,1
"Santiago, Cantón Paraíso, Provincia Cartago, 30202, Costa Rica",9.8694792,-83.7980749,1
"Yunguyo, Puno, Peru",-16.2959126,-69.095994,1
Venezuela,8.0018709,-66.1109318,1
"Sucre, Provincia Oropeza, Chuquisaca, 9999, Bolivia",-19.0477251,-65.2594306,1
"La Paz, Provincia Pedro Domingo Murillo, La Paz, Bolivia",-16.4955455,-68.1336229,1
"General Obligado, Resistencia, Departamento San Fernando, Chaco, Argentina",-27.47458515,-58.9716274899642,1
"Diamante, Cosenza, Calabria, 87023, Italia",39.6777304,15.8211279,1
"La Paz, Provincia Pedro Domingo Murillo, La Paz, Bolivia",-16.4955455,-68.1336229,1
"Mar del Plata, Partido de General Pueyrredón, Buenos Aires, Argentina",-37.9977225,-57.5482703,1
"Buenos Aires, Ciudad Autónoma de Buenos Aires, Argentina",-34.6075616,-58.437076,1
Panamá,8.3096067,-81.3066246,1
"Buenos Aires, Ciudad Autónoma de Buenos Aires, Argentina",-34.6075616,-58.437076,1
"Barcelona, Barcelonès, Barcelona, Catalunya, España",41.3828939,2.1774322,1
"Quito, Pichincha, 17041, Ecuador",-0.2201641,-78.5123274,1
"Manta, Cuneo, Piemonte, Italia",44.6158717,7.4870199,1
"Quito, Pichincha, 17041, Ecuador",-0.2201641,-78.5123274,1
"Sucre, Provincia Oropeza, Chuquisaca, 9999, Bolivia",-19.0477251,-65.2594306,1
"Santa Cruz, Argentina",-48.5693327,-70.1606767,1
"Tlalnepantla de Baz, Estado de México, México",19.54649025,-99.1899352013895,1
"Distrito Federal, Região Centro-Oeste, Brasil",-15.7754462,-47.7970891,1
"Managua, Managua (Municipio), Departamento de Managua, 10000 (CODIGO MAESTRO), Nicaragua",12.1461244,-86.273717,1
"Ciudad de México, Cuauhtémoc, Ciudad de México, 06060, México",19.4326009,-99.1333416,1
"Parnamirim, Microrregião de Natal, Mesorregião do Leste Potiguar, Rio Grande do Norte, Região Nordeste, Brasil",-5.9153334,-35.2679913,1
"Tijuana, Municipio de Tijuana, Baja California, 22105, México",32.5010188,-116.9646629,1
"Madrid, Área metropolitana de Madrid y Corredor del Henares, Comunidad de Madrid, 28001, España",40.4167047,-3.7035825,1
"Madrid, Área metropolitana de Madrid y Corredor del Henares, Comunidad de Madrid, 28001, España",40.4167047,-3.7035825,1
"Madrid, Área metropolitana de Madrid y Corredor del Henares, Comunidad de Madrid, 28001, España",40.4167047,-3.7035825,1
"Montréal, Agglomération de Montréal, Montréal (06), Québec, Canada",45.4972159,-73.6103642,1
"Buenos Aires, Ciudad Autónoma de Buenos Aires, Argentina",-34.6075616,-58.437076,1
"Montréal, Agglomération de Montréal, Montréal (06), Québec, Canada",45.4972159,-73.6103642,1
"La Paz, Provincia Pedro Domingo Murillo, La Paz, Bolivia",-16.4955455,-68.1336229,1
"Kirkland, King County, Washington, United States",47.6859573,-122.1920249,1
"Fruit Cove, Myron Road, Switzerland, St. Johns County, Florida, 32259, United States",30.0928745,-81.6069919455274,1
"Guayaquil, Guayas, Ecuador",-2.1899066,-79.887726,1
"Madrid, Área metropolitana de Madrid y Corredor del Henares, Comunidad de Madrid, 28001, España",40.4167047,-3.7035825,1
"Macapá, Microrregião de Macapá, Mesorregião Sul do Amapá, Amapá, Região Norte, Brasil",0.0401529,-51.0569588,1
"Balcarce, Partido de Balcarce, Buenos Aires, Argentina",-37.8464122,-58.2556252,1
"Porto Alegre, Região Geográfica Imediata de Porto Alegre, Região Metropolitana de Porto Alegre, Região Geográfica Intermediária de Porto Alegre, Rio Grande do Sul, Região Sul, Brasil",-30.0324999,-51.2303767,1
"Medellín, Zona Urbana Medellín, Medellín, Valle de Aburrá, Antioquia, 0500, Colombia",6.2443382,-75.573553,1
"Hicksville, Nassau County, New York, 11801, United States",40.7684331,-73.5251253,1
"New Jersey, United States of America",40.0757384,-74.4041622,1
"Santa Cruz, Argentina",-48.5693327,-70.1606767,1
"Caracas, Municipio Libertador, Distrito Capital, Región Capital, 1010-A, Venezuela",10.506098,-66.9146017,1
"Montréal, Agglomération de Montréal, Montréal (06), Québec, Canada",45.4972159,-73.6103642,1
"Lara, Región Centroccidental, Venezuela",10.2284518,-69.8197975,1
"Santa Cruz, Argentina",-48.5693327,-70.1606767,1
"Madrid, Área metropolitana de Madrid y Corredor del Henares, Comunidad de Madrid, 28001, España",40.4167047,-3.7035825,1
"Posadas, Municipio de Posadas, Departamento Capital, Misiones, Argentina",-27.3664824,-55.894295,1
"Puebla, México",18.833333,-98.0,1
"Managua, Managua (Municipio), Departamento de Managua, 10000 (CODIGO MAESTRO), Nicaragua",12.1461244,-86.273717,1
"Macapá, Microrregião de Macapá, Mesorregião Sul do Amapá, Amapá, Região Norte, Brasil",0.0401529,-51.0569588,1
"Köln, Regierungsbezirk Köln, Nordrhein-Westfalen, Deutschland",50.938361,6.959974,1
"Tecámac, Estado de México, 55740, México",19.7115011,-98.968354,1
"Rosario, Municipio de Rosario, Departamento Rosario, Santa Fe, S2000, Argentina",-32.9595004,-60.6615415,1
"Oklahoma, United States",34.9550817,-97.2684063,1
"Comodoro Rivadavia, Departamento Escalante, Chubut, Golfo San Jorge",-45.8626547,-67.4751361,1
"Distrito Federal, Região Centro-Oeste, Brasil",-15.7754462,-47.7970891,1
"New York, United States of America",40.7127281,-74.0060152,1
"Cochabamba, Kanata, Cercado, Cochabamba, Bolivia",-17.3935853,-66.1569588,1
"Florianópolis, Microrregião de Florianópolis, Mesorregião da Grande Florianópolis, Santa Catarina, Região Sul, Brasil",-27.5973002,-48.5496098,1
"São Bernardo do Campo, Região Imediata de São Paulo, Região Metropolitana de São Paulo, Região Intermediária de São Paulo, São Paulo, Região Sudeste, Brasil",-23.7080345,-46.5506747,1
"Comodoro Rivadavia, Departamento Escalante, Chubut, Golfo San Jorge",-45.8626547,-67.4751361,1
"Rio de Janeiro, Microrregião Rio de Janeiro, Região Metropolitana do Rio de Janeiro, Rio de Janeiro, Região Sudeste, Brasil",-22.9110137,-43.2093727,1
"Celaya, Guanajuato, 38000, México",20.5218445,-100.8139609,1
"Washington, District of Columbia, 20500, United States of America",38.8948932,-77.0365529,1
"Santa Cruz, Argentina",-48.5693327,-70.1606767,1
"Caracas, Municipio Libertador, Distrito Capital, Región Capital, 1010-A, Venezuela",10.506098,-66.9146017,1
"Caracas, Municipio Libertador, Distrito Capital, Región Capital, 1010-A, Venezuela",10.506098,-66.9146017,1
"Celaya, Guanajuato, 38000, México",20.5218445,-100.8139609,1
"Hermosillo, Sonora, 83000, México",29.0948207,-110.9692202,1
"Montréal, Agglomération de Montréal, Montréal (06), Québec, Canada",45.4972159,-73.6103642,1
"Buenos Aires, Ciudad Autónoma de Buenos Aires, Argentina",-34.6075616,-58.437076,1
"Washington, District of Columbia, 20500, United States of America",38.8948932,-77.0365529,1
"Rovereto, Comunità della Vallagarina, Trento, Trentino-Alto Adige/Südtirol, Italia",45.886548,11.0452369,1
"Monterrey, Nuevo León, México",25.63978365,-100.293101629066,1
"Washington, District of Columbia, 20500, United States of America",38.8948932,-77.0365529,1
"Independence, Jackson County, Missouri, United States",39.0924792,-94.4137923,1
"Puebla, México",18.833333,-98.0,1
"Santa Clara, Santa Clara County, California, United States",37.3541132,-121.9551744,1
"Montréal, Agglomération de Montréal, Montréal (06), Québec, Canada",45.4972159,-73.6103642,1
"قرطاج, قرطاج الشاطئ, قرطاج, تونس, 2016, تونس",36.851627,10.330441,1
"Cajamarca, Perú",-7.1566682,-78.517306,1
"Montréal, Agglomération de Montréal, Montréal (06), Québec, Canada",45.4972159,-73.6103642,1
"Santa Cruz de la Sierra, Provincia Andrés Ibáñez, Santa Cruz, 3212, Bolivia",-17.7834936,-63.1820853,1
"La Paz, Provincia Pedro Domingo Murillo, La Paz, Bolivia",-16.4955455,-68.1336229,1
"Montréal, Agglomération de Montréal, Montréal (06), Québec, Canada",45.4972159,-73.6103642,1
"New Mexico, United States of America",34.5708167,-105.993007,1
"Salta, Argentina",-25.1076701,-64.3494964,1
"Caracas, Municipio Libertador, Distrito Capital, Región Capital, 1010-A, Venezuela",10.506098,-66.9146017,1
"Tarija, Bolivia",-21.583333,-63.833333,1
"Montréal, Agglomération de Montréal, Montréal (06), Québec, Canada",45.4972159,-73.6103642,1
"Berlin, 10117, Deutschland",52.5170365,13.3888599,1
"Ahi, Divriği, Sivas, İç Anadolu Bölgesi, Türkiye",39.3356806,38.0721393,1
"Quito, Pichincha, 17041, Ecuador",-0.2201641,-78.5123274,1
"La Paz, Provincia Pedro Domingo Murillo, La Paz, Bolivia",-16.4955455,-68.1336229,1
"La Paz, Provincia Pedro Domingo Murillo, La Paz, Bolivia",-16.4955455,-68.1336229,1
"Cochabamba, Kanata, Cercado, Cochabamba, Bolivia",-17.3935853,-66.1569588,1
"Caripito, Distrito Bolívar, Monagas, Venezuela",10.1123858,-63.103437,1
"Monterrey, Nuevo León, México",25.63978365,-100.293101629066,1
"Le Hère, Langon, Gironde, Nouvelle-Aquitaine, France métropolitaine, France",44.5429733,-0.3401509,1
"Guadalajara, Jalisco, 44360, México",20.6720375,-103.3383962,1
"Miami, Miami-Dade County, Florida, United States of America",25.7742658,-80.1936589,1
"Carabobo, Central, Venezuela",10.166667,-68.083333,1
"Buenos Aires, Ciudad Autónoma de Buenos Aires, Argentina",-34.6075616,-58.437076,1
"Carabobo, Central, Venezuela",10.166667,-68.083333,1
"La Paz, Provincia Pedro Domingo Murillo, La Paz, Bolivia",-16.4955455,-68.1336229,1
"La Paz, Provincia Pedro Domingo Murillo, La Paz, Bolivia",-16.4955455,-68.1336229,1
"La Paz, Provincia Pedro Domingo Murillo, La Paz, Bolivia",-16.4955455,-68.1336229,1
"Santa Cruz, Argentina",-48.5693327,-70.1606767,1
"Monte Castro, Buenos Aires, Ciudad Autónoma de Buenos Aires, Argentina",-34.6188385,-58.5059465,1
"Jacksonville, Duval County, Florida, United States of America",30.3321838,-81.655651,1
"Boston, Suffolk County, Massachusetts, United States of America",42.3602534,-71.0582912,1
"Recoleta, Buenos Aires, Ciudad Autónoma de Buenos Aires, Argentina",-34.587358,-58.39157,1
"Tijuana, Municipio de Tijuana, Baja California, 22105, México",32.5010188,-116.9646629,1
Bolivia,-17.0568696,-64.9912286,1
"Cochabamba, Kanata, Cercado, Cochabamba, Bolivia",-17.3935853,-66.1569588,1
"Washington, District of Columbia, 20500, United States of America",38.8948932,-77.0365529,1
"Región de Arica y Parinacota, Chile",-18.5918514,-69.7586083,1
"Rodeio, Microrregião de Blumenau, Mesorregião do Vale do Itajaí, Santa Catarina, Região Sul, 89136-000, Brasil",-26.9233304,-49.3685354,1
"São Paulo, Região Imediata de São Paulo, Região Metropolitana de São Paulo, Região Intermediária de São Paulo, São Paulo, Região Sudeste, Brasil",-23.5506507,-46.6333824,1
"Buenos Aires, Ciudad Autónoma de Buenos Aires, Argentina",-34.6075616,-58.437076,1
"Gualeguaychú, Distrito Costa Uruguay Sur, Departamento Gualeguaychú, Entre Ríos, 2820, Argentina",-33.0078585,-58.5103466,1
"Morelia, Michoacán de Ocampo, 58000, México",19.7027116,-101.1923818,1
"Puebla, México",18.833333,-98.0,1
"Rosarito, Playas de Rosarito, Baja California, 22703, México",32.3648126,-117.0556261,1
"Guayas, Ecuador",-2.0,-80.0,1
"Santa Cruz, Argentina",-48.5693327,-70.1606767,1
"Northport, Suffolk County, New York, 11768, United States",40.9040576,-73.3420169301887,1
"Recoleta, Buenos Aires, Ciudad Autónoma de Buenos Aires, Argentina",-34.587358,-58.39157,1
"Bogotá, Distrito Capital de Bogotá, 110321, Colombia",4.59808,-74.0760439,1
"Florida, United States of America",27.7567667,-81.4639835,1
"Buenos Aires, Ciudad Autónoma de Buenos Aires, Argentina",-34.6075616,-58.437076,1
"Manassas, Manassas (city), Virginia, 20110, United States",38.7509488,-77.4752667,1
"Santa Cruz, Argentina",-48.5693327,-70.1606767,1
"Florida, United States of America",27.7567667,-81.4639835,1
"Cúcuta, Norte de Santander, 047, Colombia",7.8971458,-72.5080387,1
"La Paz, Provincia Pedro Domingo Murillo, La Paz, Bolivia",-16.4955455,-68.1336229,1
"Santa Cruz, Argentina",-48.5693327,-70.1606767,1
"Santa Cruz de la Sierra, Provincia Andrés Ibáñez, Santa Cruz, 3212, Bolivia",-17.7834936,-63.1820853,1
"Xalapa, Veracruz de Ignacio de la Llave, 91170, México",19.5408338,-96.9146374,1
"Rosario, Municipio de Rosario, Departamento Rosario, Santa Fe, S2000, Argentina",-32.9595004,-60.6615415,1
"Celaya, Guanajuato, 38000, México",20.5218445,-100.8139609,1
"Fortaleza, Microrregião de Fortaleza, Mesorregião Metropolitana de Fortaleza, Ceará, Região Nordeste, Brasil",-3.7304512,-38.5217989,1
"Los Angeles, Los Angeles County, California, United States of America",34.0536909,-118.2427666,1
"La Paz, Provincia Pedro Domingo Murillo, La Paz, Bolivia",-16.4955455,-68.1336229,1
"Cochabamba, Kanata, Cercado, Cochabamba, Bolivia",-17.3935853,-66.1569588,1
"Caracas, Municipio Libertador, Distrito Capital, Región Capital, 1010-A, Venezuela",10.506098,-66.9146017,1
"Cochabamba, Kanata, Cercado, Cochabamba, Bolivia",-17.3935853,-66.1569588,1
"La Plata, Partido de La Plata, Buenos Aires, Argentina",-34.9206797,-57.9537638,1
"La Paz, Provincia Pedro Domingo Murillo, La Paz, Bolivia",-16.4955455,-68.1336229,1
"Ciudad de México, Cuauhtémoc, Ciudad de México, 06060, México",19.4326009,-99.1333416,1
"Santa Cruz, Argentina",-48.5693327,-70.1606767,1
"Lima, Peru",-12.0621065,-77.0365256,1
"Závod, Bonyhádi járás, Tolna megye, Dél-Dunántúl, Dunántúl, 7182, Magyarország",46.3936226,18.4145825,1
"Ciudad de México, Cuauhtémoc, Ciudad de México, 06060, México",19.4326009,-99.1333416,1
"Caseros, Partido de Tres de Febrero, Buenos Aires, Argentina",-34.607366,-58.5661311,1
"Santiago, Cantón Paraíso, Provincia Cartago, 30202, Costa Rica",9.8694792,-83.7980749,1
"João Pessoa, Região Geográfica Imediata de João Pessoa, Região Metropolitana de João Pessoa, Região Geográfica Intermediária de João Pessoa, Paraíba, Região Nordeste, Brasil",-7.1215981,-34.882028,1
"San Isidro, Partido de San Isidro, Buenos Aires, Argentina",-34.4739792,-58.5264866,1
"Villa Martelli, Vicente López, Partido de Vicente López, Buenos Aires, Argentina",-34.5503634,-58.510576,1
"Hermosillo, Sonora, 83000, México",29.0948207,-110.9692202,1
"Caracas, Municipio Libertador, Distrito Capital, Región Capital, 1010-A, Venezuela",10.506098,-66.9146017,1
"South Carolina, United States of America",33.6874388,-80.4363743,1
"Bogotá, Distrito Capital de Bogotá, 110321, Colombia",4.59808,-74.0760439,1
"La Paz, Provincia Pedro Domingo Murillo, La Paz, Bolivia",-16.4955455,-68.1336229,1
"Recoleta, Buenos Aires, Ciudad Autónoma de Buenos Aires, Argentina",-34.587358,-58.39157,1
"São Paulo, Região Imediata de São Paulo, Região Metropolitana de São Paulo, Região Intermediária de São Paulo, São Paulo, Região Sudeste, Brasil",-23.5506507,-46.6333824,1
"Ex Hipódromo de Peralvillo, Ciudad de México, Cuauhtémoc, Ciudad de México, 06250, México",19.4567754,-99.1350096,1
"Florida, United States of America",27.7567667,-81.4639835,1
"Pernambuco, Região Nordeste, Brasil",-8.4116316,-37.5919699,1
"Asunción, Distrito Capital de Paraguay, Región Oriental, 1301, Paraguay",-25.2800459,-57.6343814,1
"Santiago, Cantón Paraíso, Provincia Cartago, 30202, Costa Rica",9.8694792,-83.7980749,1
"Bahía Blanca, Partido de Bahía Blanca, Buenos Aires, Argentina",-38.7182364,-62.266245,1
"Santa Fe, Argentina",-30.3154739,-61.1645076,1
"Caracas, Municipio Libertador, Distrito Capital, Región Capital, 1010-A, Venezuela",10.506098,-66.9146017,1
"Manaus, Microrregião de Manaus, Mesorregião Centro Amazonense, Amazonas, Região Norte, 69000-000, Brasil",-3.1316333,-59.9825041,1
"Ciudad del Este, Alto Paraná, Región Oriental, Paraguay",-25.5169015,-54.6168645,1
"Buenos Aires, Ciudad Autónoma de Buenos Aires, Argentina",-34.6075616,-58.437076,1
"Caracas, Municipio Libertador, Distrito Capital, Región Capital, 1010-A, Venezuela",10.506098,-66.9146017,1
"Puebla, México",18.833333,-98.0,1
"Zárate, Partido de Zárate, Buenos Aires, 2800, Argentina",-34.095774,-59.024227,1
"Querétaro, México",20.8542575,-99.84756,1
"Distrito Federal, Região Centro-Oeste, Brasil",-15.7754462,-47.7970891,1
"San Miguel de Tucumán, Departamento Capital, Tucumán, T4000, Argentina",-26.8303703,-65.2038133,1
"Brusque, Millau, Aveyron, Occitanie, France métropolitaine, 12360, France",43.7676064,2.9490127,1
"Arequipa, Peru",-16.3988667,-71.5369607,1
"Bogotá, Distrito Capital de Bogotá, 110321, Colombia",4.59808,-74.0760439,1
"São Paulo, Região Imediata de São Paulo, Região Metropolitana de São Paulo, Região Intermediária de São Paulo, São Paulo, Região Sudeste, Brasil",-23.5506507,-46.6333824,1
"Lisboa, Grande Lisboa, Área Metropolitana de Lisboa, 1100-148, Portugal",38.7077507,-9.1365919,1
"Guadalajara, Jalisco, 44360, México",20.6720375,-103.3383962,1
"Manaus, Microrregião de Manaus, Mesorregião Centro Amazonense, Amazonas, Região Norte, 69000-000, Brasil",-3.1316333,-59.9825041,1
"Tampa, Hillsborough County, Florida, United States of America",27.9477595,-82.458444,1
"Buenos Aires, Ciudad Autónoma de Buenos Aires, Argentina",-34.6075616,-58.437076,1
"Buenos Aires, Ciudad Autónoma de Buenos Aires, Argentina",-34.6075616,-58.437076,1
"Tijuana, Municipio de Tijuana, Baja California, 22105, México",32.5010188,-116.9646629,1
"Москва, Центральный административный округ, Москва, Центральный федеральный округ, Россия",55.7504461,37.6174943,1
"Rio de Janeiro, Microrregião Rio de Janeiro, Região Metropolitana do Rio de Janeiro, Rio de Janeiro, Região Sudeste, Brasil",-22.9110137,-43.2093727,1
"Porto Velho, Microrregião Porto Velho, Mesorregião Madeira-Guaporé, Rondônia, Região Norte, Brasil",-8.7494525,-63.8735438,1
"Caracas, Municipio Libertador, Distrito Capital, Región Capital, 1010-A, Venezuela",10.506098,-66.9146017,1
"Distrito Federal, Região Centro-Oeste, Brasil",-15.7754462,-47.7970891,1
"La Rioja, España",42.2814642,-2.48280497507047,1
"Santa Cruz, Argentina",-48.5693327,-70.1606767,1
France,46.603354,1.8883335,1
"Caracas, Municipio Libertador, Distrito Capital, Región Capital, 1010-A, Venezuela",10.506098,-66.9146017,1
"Buenos Aires, Ciudad Autónoma de Buenos Aires, Argentina",-34.6075616,-58.437076,1
"Santiago, Cantón Paraíso, Provincia Cartago, 30202, Costa Rica",9.8694792,-83.7980749,1
"Homestead, Miami-Dade County, Florida, United States",25.4718946,-80.4759905,1
"Bogotá, Distrito Capital de Bogotá, 110321, Colombia",4.59808,-74.0760439,1
"England, United Kingdom",52.7954791,-0.540240286617432,1
"Lima, Peru",-12.0621065,-77.0365256,1
"Madrid, Área metropolitana de Madrid y Corredor del Henares, Comunidad de Madrid, 28001, España",40.4167047,-3.7035825,1
"Cuenca, Castilla-La Mancha, España",40.0681156,-2.1348241,1
"Monterrey, Nuevo León, México",25.63978365,-100.293101629066,1
"Laranjeiras, Microrregião da Grande Aracaju, Mesorregião Leste Sergipano, Sergipe, Região Nordeste, Brasil",-10.8040231,-37.1658336,1
"Santa Cruz, Argentina",-48.5693327,-70.1606767,1
"Porlamar, Municipio Mariño, Nueva Esparta, Región Insular, 6301, Venezuela",10.9598868,-63.8500772,1
"Quito, Pichincha, 17041, Ecuador",-0.2201641,-78.5123274,1
"Zárate, Partido de Zárate, Buenos Aires, 2800, Argentina",-34.095774,-59.024227,1
"Caracas, Municipio Libertador, Distrito Capital, Región Capital, 1010-A, Venezuela",10.506098,-66.9146017,1
"Madrid, Área metropolitana de Madrid y Corredor del Henares, Comunidad de Madrid, 28001, España",40.4167047,-3.7035825,1
"Santa Cruz, Argentina",-48.5693327,-70.1606767,1
"London, Greater London, England, SW1A 2DX, United Kingdom",51.5073219,-0.1276474,1
"Mazatlán, Sinaloa, 82000, México",23.2313053,-106.4153144,1
"Guerrero, México",17.666667,-100.0,1
"Xalapa, Veracruz de Ignacio de la Llave, 91170, México",19.5408338,-96.9146374,1
"São Paulo, Região Imediata de São Paulo, Região Metropolitana de São Paulo, Região Intermediária de São Paulo, São Paulo, Região Sudeste, Brasil",-23.5506507,-46.6333824,1
"Monterrey, Nuevo León, México",25.63978365,-100.293101629066,1
"Buenos Aires, Ciudad Autónoma de Buenos Aires, Argentina",-34.6075616,-58.437076,1
"Santa Catarina, Região Sul, Brasil",-27.0628367,-51.114965,1
"London, Greater London, England, SW1A 2DX, United Kingdom",51.5073219,-0.1276474,1
"Cochabamba, Kanata, Cercado, Cochabamba, Bolivia",-17.3935853,-66.1569588,1
"Piura, Departamento de Piura, Perú",-5.1949018,-80.6323,1
"Guanare, Parroquia Capital Guanare, Municipio Guanare, Portuguesa, Región Centroccidental, Venezuela",9.0407855,-69.7412593,1
"São Luís, Microrregião da Aglomeração Urbana de São Luís, Mesorregião Norte Maranhense, Maranhão, Região Nordeste, Brasil",-2.5319224,-44.2933276,1
"Madrid, Área metropolitana de Madrid y Corredor del Henares, Comunidad de Madrid, 28001, España",40.4167047,-3.7035825,1
"Florida, United States of America",27.7567667,-81.4639835,1
"Buenos Aires, Ciudad Autónoma de Buenos Aires, Argentina",-34.6075616,-58.437076,1
"Vancouver, Metro Vancouver Regional District, British Columbia, Canada",49.2608724,-123.1139529,1
"Región del Biobío, Chile",-37.3391407,-72.4106825,1
"Picos, Microrregião de Picos, Mesorregião Sudeste Piauiense, Piauí, Região Nordeste, Brasil",-7.0823544,-41.4685053,1
"Viña del Mar, Provincia de Valparaíso, Región de Valparaíso, Chile",-33.024503,-71.5518119,1
"Miami, Miami-Dade County, Florida, United States of America",25.7742658,-80.1936589,1
"Gironde, Nouvelle-Aquitaine, France métropolitaine, France",44.88374595,-0.605126444043871,1
"São Paulo, Região Imediata de São Paulo, Região Metropolitana de São Paulo, Região Intermediária de São Paulo, São Paulo, Região Sudeste, Brasil",-23.5506507,-46.6333824,1
"San Fernando, Chiapas, México",16.9134645,-93.2203812018791,1
"València, Comarca de València, València / Valencia, Comunitat Valenciana, España",39.4699014,-0.3759513,1
"Peñaflor, Sevilla, Andalucía, España",37.7084447,-5.3457347,1
"Tuxtla Gutiérrez, Chiapas, 29000, México",16.753801,-93.115959,1
"Córdoba, Andalucía, España",37.8845813,-4.7760138,1
"Playa del Carmen, Solidaridad, Quintana Roo, México",20.628223,-87.075658,1
"Bogotá, Distrito Capital de Bogotá, 110321, Colombia",4.59808,-74.0760439,1
"Santa Cruz, Argentina",-48.5693327,-70.1606767,1
"Santa Ana, Orange County, California, United States of America",33.7494951,-117.8732213,1
"Porto Alegre, Região Geográfica Imediata de Porto Alegre, Região Metropolitana de Porto Alegre, Região Geográfica Intermediária de Porto Alegre, Rio Grande do Sul, Região Sul, Brasil",-30.0324999,-51.2303767,1
"Posadas, Municipio de Posadas, Departamento Capital, Misiones, Argentina",-27.3664824,-55.894295,1
"Florida, United States of America",27.7567667,-81.4639835,1
"Portland, Multnomah County, Oregon, United States of America",45.5202471,-122.6741949,1
"Buenos Aires, Ciudad Autónoma de Buenos Aires, Argentina",-34.6075616,-58.437076,1
"La Serena, Provincia de Elqui, Región de Coquimbo, Chile",-29.9026615,-71.2520136,1
"Ciudad de México, Cuauhtémoc, Ciudad de México, 06060, México",19.4326009,-99.1333416,1
"Victoria, Australia",-36.5986096,144.6780052,1
"San Cristóbal, República Dominicana",18.5200904,-70.2076771,1
"Bogotá, Distrito Capital de Bogotá, 110321, Colombia",4.59808,-74.0760439,1
"Barcelona, Barcelonès, Barcelona, Catalunya, España",41.3828939,2.1774322,1
"Queensland, Australia",-21.9182856,144.4588889,1
"Maldonado, 20000, Uruguay",-34.9087162,-54.9582718,1
"Salta, Argentina",-25.1076701,-64.3494964,1
"Montréal, Agglomération de Montréal, Montréal (06), Québec, Canada",45.4972159,-73.6103642,1
"Caracas, Municipio Libertador, Distrito Capital, Región Capital, 1010-A, Venezuela",10.506098,-66.9146017,1
Argentina,-34.9964963,-64.9672817,1
"Caracas, Municipio Libertador, Distrito Capital, Región Capital, 1010-A, Venezuela",10.506098,-66.9146017,1
"Miami, Miami-Dade County, Florida, United States of America",25.7742658,-80.1936589,1
"Ciudad de México, Cuauhtémoc, Ciudad de México, 06060, México",19.4326009,-99.1333416,1
"València, Comarca de València, València / Valencia, Comunitat Valenciana, España",39.4699014,-0.3759513,1
"Maracaibo, Municipio Maracaibo, Zulia, 4001, Venezuela",10.6499149,-71.6396282,1
"Madrid, Área metropolitana de Madrid y Corredor del Henares, Comunidad de Madrid, 28001, España",40.4167047,-3.7035825,1
"Recoleta, Buenos Aires, Ciudad Autónoma de Buenos Aires, Argentina",-34.587358,-58.39157,1
"Sacramento, Sacramento County, California, United States",38.5815719,-121.4943996,1
"Tlaxcala, México",19.416667,-98.166667,1
"Caracas, Municipio Libertador, Distrito Capital, Región Capital, 1010-A, Venezuela",10.506098,-66.9146017,1
"Morelia, Michoacán de Ocampo, 58000, México",19.7027116,-101.1923818,1
"Resistencia, Departamento San Fernando, Chaco, Argentina",-27.4511235,-58.9865196,1
"Bogotá, Distrito Capital de Bogotá, 110321, Colombia",4.59808,-74.0760439,1
"Mar del Plata, Partido de General Pueyrredón, Buenos Aires, Argentina",-37.9977225,-57.5482703,1
"Redwood City, San Mateo County, California, United States of America",37.4863239,-122.2325233,1
"Santa Catarina, Região Sul, Brasil",-27.0628367,-51.114965,1
"São Paulo, Região Imediata de São Paulo, Região Metropolitana de São Paulo, Região Intermediária de São Paulo, São Paulo, Região Sudeste, Brasil",-23.5506507,-46.6333824,1
"Buenos Aires, Ciudad Autónoma de Buenos Aires, Argentina",-34.6075616,-58.437076,1
"Quito, Pichincha, 17041, Ecuador",-0.2201641,-78.5123274,1
"Samborondon, San Jacinto de Yaguachi, Guayas, 092104, Ecuador",-2.2680117,-79.5880455,1
"Guadalajara, Jalisco, 44360, México",20.6720375,-103.3383962,1
"Bogotá, Distrito Capital de Bogotá, 110321, Colombia",4.59808,-74.0760439,1
"Maracay, Municipio Girardot, Aragua, 2104, Venezuela",10.2513662,-67.6017245,1
"Durango, México",24.833333,-104.833333,1
"Freiland bei Deutschlandsberg, Deutschlandsberg, Steiermark, Österreich",46.8480488,15.1414168,1
"Florida, United States of America",27.7567667,-81.4639835,1
"Santiago de Cali, Perímetro Urbano Santiago de Cali, Cali, Valle del Cauca, 760044, Colombia",3.4517923,-76.5324943,1
"Mérida, Badajoz, Extremadura, 06800, España",38.9174665,-6.3443977,1
"Santa Catarina, Região Sul, Brasil",-27.0628367,-51.114965,1
"Florida, United States of America",27.7567667,-81.4639835,1
"Neiva, Huila, Colombia",3.0332673,-75.2794417696023,1
"Distrito Capital, Colombia",4.28234055,-74.1758039821991,1
"Santiago de Cali, Perímetro Urbano Santiago de Cali, Cali, Valle del Cauca, 760044, Colombia",3.4517923,-76.5324943,1
"Distrito Capital, Colombia",4.28234055,-74.1758039821991,1
"Distrito Capital, Colombia",4.28234055,-74.1758039821991,1
"Monterrey, Nuevo León, México",25.63978365,-100.293101629066,1
"Acacías, Meta, 507001, Colombia",3.9861122,-73.7583005,1
"San Luis Potosí, México",22.5000001,-100.5000001,1
"Montevideo, Uruguay",-34.9059039,-56.1913569,1
"Maracay, Municipio Girardot, Aragua, 2104, Venezuela",10.2513662,-67.6017245,1
"Wagga Wagga City Council, New South Wales, Australia",-35.115,147.3677778,1
El Salvador,13.8000382,-88.9140683,1
"Neiva, Huila, Colombia",3.0332673,-75.2794417696023,1
"Santa Catarina, Região Sul, Brasil",-27.0628367,-51.114965,1
"Santa Cruz, Argentina",-48.5693327,-70.1606767,1
"Buenos Aires, Ciudad Autónoma de Buenos Aires, Argentina",-34.6075616,-58.437076,1
"Bogotá, Distrito Capital de Bogotá, 110321, Colombia",4.59808,-74.0760439,1
"Ciudad Guayana, Parroquia Cachamay, Distrito Caroní, Bolívar, Venezuela",8.3223763,-62.6896622,1
"Buenos Aires, Ciudad Autónoma de Buenos Aires, Argentina",-34.6075616,-58.437076,1
"Caracas, Municipio Libertador, Distrito Capital, Región Capital, 1010-A, Venezuela",10.506098,-66.9146017,1
"Pasto, Nariño, 520000, Colombia",1.2146286,-77.2782516,1
Venezuela,8.0018709,-66.1109318,1
"Tarija, Bolivia",-21.583333,-63.833333,1
"Caracas, Municipio Libertador, Distrito Capital, Región Capital, 1010-A, Venezuela",10.506098,-66.9146017,1
"Empalme, Sonora, México",28.0030908,-110.661588069502,1
"Bogotá, Distrito Capital de Bogotá, 110321, Colombia",4.59808,-74.0760439,1
"Córdoba, Andalucía, España",37.8845813,-4.7760138,1
"Las Vegas, Clark County, Nevada, United States of America",36.1662859,-115.149225,1
Venezuela,8.0018709,-66.1109318,1
"Santa Cruz, Argentina",-48.5693327,-70.1606767,1
"San Salvador, Departamento de San Salvador, CP-1101, República de El Salvador",13.6989939,-89.1914249,1
"La Paz, Provincia Pedro Domingo Murillo, La Paz, Bolivia",-16.4955455,-68.1336229,1
"Chiclayo, Lambayeque, Perú",-6.766417,-79.8408308,1
"Tuxtla Gutiérrez, Chiapas, 29000, México",16.753801,-93.115959,1
"Zona Sul, Sede, São Gabriel, Região Geográfica Imediata de Santana do Livramento, Região Geográfica Intermediária de Uruguaiana, Rio Grande do Sul, Região Sul, Brasil",-30.3504047,-54.3260407,1
"Mystic Falls, Mystic Falls Trail, Teton County, Wyoming, United States of America",44.4839486,-110.8735018,1
"Buenos Aires, Ciudad Autónoma de Buenos Aires, Argentina",-34.6075616,-58.437076,1
"Bogotá, Distrito Capital de Bogotá, 110321, Colombia",4.59808,-74.0760439,1
"València, Comarca de València, València / Valencia, Comunitat Valenciana, España",39.4699014,-0.3759513,1
"Bayamo, Granma, 85300, Cuba",20.3734232,-76.6491893,1
"Neuquén, Argentina",-38.3695057,-69.832275,1
"Caracas, Municipio Libertador, Distrito Capital, Región Capital, 1010-A, Venezuela",10.506098,-66.9146017,1
"Lima, Peru",-12.0621065,-77.0365256,1
"La Paz, Provincia Pedro Domingo Murillo, La Paz, Bolivia",-16.4955455,-68.1336229,1
"Quito, Pichincha, 17041, Ecuador",-0.2201641,-78.5123274,1
"Puebla, México",18.833333,-98.0,1
"Cochabamba, Kanata, Cercado, Cochabamba, Bolivia",-17.3935853,-66.1569588,1
"De Valencia, Praderas del Sur, Villas de Santa Teresa, Durango, 34139, México",24.0073313,-104.6641916,1
"New Brunswick, Canada",46.500283,-66.750183,1
"City of Melbourne, Victoria, Australia",-37.8142176,144.9631608,1
"City of Melbourne, Victoria, Australia",-37.8142176,144.9631608,1
"Ciudad de Guatemala, Guatemala",14.6222328,-90.5185188,1
"Caracas, Municipio Libertador, Distrito Capital, Región Capital, 1010-A, Venezuela",10.506098,-66.9146017,1
"Jalisco, México",20.3333331,-103.6666671,1
"Chiapas, México",16.5000001,-92.5000001,1
"Maracay, Municipio Girardot, Aragua, 2104, Venezuela",10.2513662,-67.6017245,1
"San Carlos, Oriente, Antioquia, Colombia",6.19008655,-74.942193364632,1
"Recife, Microrregião de Recife, Região Metropolitana de Recife, Mesorregião Metropolitana de Recife, Pernambuco, Região Nordeste, Brasil",-8.0641931,-34.8781517,1
"La Paz, Provincia Pedro Domingo Murillo, La Paz, Bolivia",-16.4955455,-68.1336229,1
"Benito Juárez, Veracruz de Ignacio de la Llave, México",20.8169666,-98.1782680664942,1
"Camiri, Provincia Cordillera, Santa Cruz, Bolivia",-20.0390682,-63.5203507,1
"Distrito Federal, Região Centro-Oeste, Brasil",-15.7754462,-47.7970891,1
"San Jose, Santa Clara County, California, United States of America",37.3361905,-121.8905833,1
"La Paz, Provincia Pedro Domingo Murillo, La Paz, Bolivia",-16.4955455,-68.1336229,1
"La Paz, Provincia Pedro Domingo Murillo, La Paz, Bolivia",-16.4955455,-68.1336229,1
"Pilar, Surigao Del Norte, Caraga, 8420, Philippines",9.87648585,126.055890671694,1
"Costa Brava, Praia do Norte, Horta, Faial, Açores, 9900-472, Portugal",38.6129362,-28.7455435,1
"Santa Cruz, Argentina",-48.5693327,-70.1606767,1
"Texcoco, Estado de México, México",19.47559065,-98.8553964339127,1
"Concepción, Provincia de Concepción, Región del Biobío, Chile",-36.8270795,-73.0502399,1
"Ciudad Madero, Tamaulipas, México",22.2783046,-97.8242686088555,1
"Ciudad de México, Cuauhtémoc, Ciudad de México, 06060, México",19.4326009,-99.1333416,1
"Querétaro, México",20.8542575,-99.84756,1
"Boston, Suffolk County, Massachusetts, United States of America",42.3602534,-71.0582912,1
"Puerto Escondido, San Pedro Mixtepec, Oaxaca, 71800, México",15.8693331,-97.0726428,1
"Évreux, Eure, Normandie, France métropolitaine, 27000, France",49.0268903,1.1510164,1
"La Paz, Provincia Pedro Domingo Murillo, La Paz, Bolivia",-16.4955455,-68.1336229,1
"Ciudad de México, Cuauhtémoc, Ciudad de México, 06060, México",19.4326009,-99.1333416,1
"東京都, 関東地方, 日本 (Japan)",35.6828387,139.7594549,1
"Puebla, México",18.833333,-98.0,1
"Culiacán, Sinaloa, 80200, México",24.7978965,-107.393395,1
"Quito, Pichincha, 17041, Ecuador",-0.2201641,-78.5123274,1
"Puebla, México",18.833333,-98.0,1
"Guayaquil, Guayas, Ecuador",-2.1899066,-79.887726,1
"Managua, Managua (Municipio), Departamento de Managua, 10000 (CODIGO MAESTRO), Nicaragua",12.1461244,-86.273717,1
"São Paulo, Região Imediata de São Paulo, Região Metropolitana de São Paulo, Região Intermediária de São Paulo, São Paulo, Região Sudeste, Brasil",-23.5506507,-46.6333824,1
"Caracas, Municipio Libertador, Distrito Capital, Región Capital, 1010-A, Venezuela",10.506098,-66.9146017,1
"Ciudad de México, Cuauhtémoc, Ciudad de México, 06060, México",19.4326009,-99.1333416,1
"Miami, Miami-Dade County, Florida, United States of America",25.7742658,-80.1936589,1
"La Paz, Provincia Pedro Domingo Murillo, La Paz, Bolivia",-16.4955455,-68.1336229,1
"La Paz, Provincia Pedro Domingo Murillo, La Paz, Bolivia",-16.4955455,-68.1336229,1
"Washington, District of Columbia, 20500, United States of America",38.8948932,-77.0365529,1
"Álvaro Obregón, Ciudad de México, México",19.31815315,-99.2778365837947,1
"València, Comarca de València, València / Valencia, Comunitat Valenciana, España",39.4699014,-0.3759513,1
"Oaxaca, México",17.0,-96.5,1
"Ciudad de México, Cuauhtémoc, Ciudad de México, 06060, México",19.4326009,-99.1333416,1
"San Carlos, Oriente, Antioquia, Colombia",6.19008655,-74.942193364632,1
"Benito Juárez, Veracruz de Ignacio de la Llave, México",20.8169666,-98.1782680664942,1
"San Luis Potosí, México",22.5000001,-100.5000001,1
"Puebla, México",18.833333,-98.0,1
"Caracas, Municipio Libertador, Distrito Capital, Región Capital, 1010-A, Venezuela",10.506098,-66.9146017,1
"Manabí, Ecuador",-0.7588025,-80.0612131,1
"Guadalajara, Jalisco, 44360, México",20.6720375,-103.3383962,1
"Maracaibo, Municipio Maracaibo, Zulia, 4001, Venezuela",10.6499149,-71.6396282,1
"Chaco, Argentina",-26.3829647,-60.8816092,1
"Fuengirola, Málaga, Andalucía, España",36.5387779,-4.6233348,1
"Centre-Val de Loire, France métropolitaine, France",47.5490251,1.7324062,1
"Benito Juárez, Veracruz de Ignacio de la Llave, México",20.8169666,-98.1782680664942,1
"Ciudad de México, Cuauhtémoc, Ciudad de México, 06060, México",19.4326009,-99.1333416,1
"Tlalpan, Ciudad de México, México",19.200877,-99.2170124042715,1
"Santiago de Querétaro, Municipio de Querétaro, Querétaro, México",20.5878372,-100.3879904,1
"Panama City, Bay County, Florida, United States",30.1600827,-85.6545729,1
"Ciudad de México, Cuauhtémoc, Ciudad de México, 06060, México",19.4326009,-99.1333416,1
"Sucre, Provincia Oropeza, Chuquisaca, 9999, Bolivia",-19.0477251,-65.2594306,1
"Tijuana, Municipio de Tijuana, Baja California, 22105, México",32.5010188,-116.9646629,1
"Caracas, Municipio Libertador, Distrito Capital, Región Capital, 1010-A, Venezuela",10.506098,-66.9146017,1
"Fuengirola, Málaga, Andalucía, España",36.5387779,-4.6233348,1
"Nayarit, México",22.0000001,-105.0000001,1
"Ciudad de México, Cuauhtémoc, Ciudad de México, 06060, México",19.4326009,-99.1333416,1
"Guadalajara, Jalisco, 44360, México",20.6720375,-103.3383962,1
"Jundiaí, Região Imediata de Jundiaí, Região Intermediária de Campinas, São Paulo, Região Sudeste, Brasil",-23.1887866,-46.8845122,1
"Comunidad de Madrid, España",40.5248319,-3.77156277545181,1
"Santa Cruz, Argentina",-48.5693327,-70.1606767,1
"La Paz, Provincia Pedro Domingo Murillo, La Paz, Bolivia",-16.4955455,-68.1336229,1
"Miami, Miami-Dade County, Florida, United States of America",25.7742658,-80.1936589,1
Bolivia,-17.0568696,-64.9912286,1
"Buenos Aires, Ciudad Autónoma de Buenos Aires, Argentina",-34.6075616,-58.437076,1
"Guayaquil, Guayas, Ecuador",-2.1899066,-79.887726,1
"Comunidad de Madrid, España",40.5248319,-3.77156277545181,1
"Santa Cruz, Argentina",-48.5693327,-70.1606767,1
"Comunidad de Madrid, España",40.5248319,-3.77156277545181,1
"Bucaramanga, Santander, 680005, Colombia",7.1114611,-73.1172869,1
"Ensenada, Baja California, México",31.860742,-116.6248246,1
"Comunidad de Madrid, España",40.5248319,-3.77156277545181,1
"Ciudad de México, Cuauhtémoc, Ciudad de México, 06060, México",19.4326009,-99.1333416,1
"Madrid, Área metropolitana de Madrid y Corredor del Henares, Comunidad de Madrid, 28001, España",40.4167047,-3.7035825,1
"San Isidro, Partido de San Isidro, Buenos Aires, Argentina",-34.4739792,-58.5264866,1
"Caracas, Municipio Libertador, Distrito Capital, Región Capital, 1010-A, Venezuela",10.506098,-66.9146017,1
"Caracas, Municipio Libertador, Distrito Capital, Región Capital, 1010-A, Venezuela",10.506098,-66.9146017,1
"Santa Cruz de la Sierra, Provincia Andrés Ibáñez, Santa Cruz, 3212, Bolivia",-17.7834936,-63.1820853,1
"Paris, Île-de-France, France métropolitaine, France",48.8566101,2.3514992,1
"Santa Cruz de la Sierra, Provincia Andrés Ibáñez, Santa Cruz, 3212, Bolivia",-17.7834936,-63.1820853,1
"Caracas, Municipio Libertador, Distrito Capital, Región Capital, 1010-A, Venezuela",10.506098,-66.9146017,1
"Orem, Utah County, Utah, United States",40.2971825,-111.694943,1
"Baton Rouge, East Baton Rouge Parish, Louisiana, United States of America",30.4459596,-91.18738,1
"Comunidad de Madrid, España",40.5248319,-3.77156277545181,1
"Pasto, Nariño, 520000, Colombia",1.2146286,-77.2782516,1
"Washington, District of Columbia, 20500, United States of America",38.8948932,-77.0365529,1
"Caracas, Municipio Libertador, Distrito Capital, Región Capital, 1010-A, Venezuela",10.506098,-66.9146017,1
"Mundo, Imperial County, California, United States",33.2736468,-115.569155,1
"Mundo, Imperial County, California, United States",33.2736468,-115.569155,1
"Madrid, Área metropolitana de Madrid y Corredor del Henares, Comunidad de Madrid, 28001, España",40.4167047,-3.7035825,1
"São Paulo, Região Imediata de São Paulo, Região Metropolitana de São Paulo, Região Intermediária de São Paulo, São Paulo, Região Sudeste, Brasil",-23.5506507,-46.6333824,1
"Maracaibo, Municipio Maracaibo, Zulia, 4001, Venezuela",10.6499149,-71.6396282,1
"Tuxtla Gutiérrez, Chiapas, 29000, México",16.753801,-93.115959,1
"Buenos Aires, Ciudad Autónoma de Buenos Aires, Argentina",-34.6075616,-58.437076,1
"Caracas, Municipio Libertador, Distrito Capital, Región Capital, 1010-A, Venezuela",10.506098,-66.9146017,1
"La Plata, Partido de La Plata, Buenos Aires, Argentina",-34.9206797,-57.9537638,1
"Nayarit, México",22.0000001,-105.0000001,1
"Comunidad de Madrid, España",40.5248319,-3.77156277545181,1
"Distrito Federal, Região Centro-Oeste, Brasil",-15.7754462,-47.7970891,1
"Santa Cruz, Argentina",-48.5693327,-70.1606767,1
"Naucalpan, Naucalpan de Juárez, Estado de México, 53580, México",19.4785796,-99.2328791,1
"San Juan de Los Morros, Distrito Roscio, Guárico, 2312, Venezuela",9.9152306,-67.3569141,1
"Santo Domingo, Santo Domingo De Guzmán, Distrito Nacional, 10129, República Dominicana",18.4801972,-69.942111,1
"Santa Cruz, Argentina",-48.5693327,-70.1606767,1
"Rio de Janeiro, Microrregião Rio de Janeiro, Região Metropolitana do Rio de Janeiro, Rio de Janeiro, Região Sudeste, Brasil",-22.9110137,-43.2093727,1
"Caracas, Municipio Libertador, Distrito Capital, Región Capital, 1010-A, Venezuela",10.506098,-66.9146017,1
"Guayaquil, Guayas, Ecuador",-2.1899066,-79.887726,1
"Ensenada, Baja California, México",31.860742,-116.6248246,1
"La Paz, Provincia Pedro Domingo Murillo, La Paz, Bolivia",-16.4955455,-68.1336229,1
Bolivia,-17.0568696,-64.9912286,1
"Rosario, Municipio de Rosario, Departamento Rosario, Santa Fe, S2000, Argentina",-32.9595004,-60.6615415,1
"Santa Cruz, Argentina",-48.5693327,-70.1606767,1
"Wisconsin, United States of America",44.4308975,-89.6884637,1
"La Paz, Provincia Pedro Domingo Murillo, La Paz, Bolivia",-16.4955455,-68.1336229,1
"Tijuana, Municipio de Tijuana, Baja California, 22105, México",32.5010188,-116.9646629,1
"Quito, Pichincha, 17041, Ecuador",-0.2201641,-78.5123274,1
"Buenos Aires, Ciudad Autónoma de Buenos Aires, Argentina",-34.6075616,-58.437076,1
"Santa Cruz de la Sierra, Provincia Andrés Ibáñez, Santa Cruz, 3212, Bolivia",-17.7834936,-63.1820853,1
"Benito Juárez, Veracruz de Ignacio de la Llave, México",20.8169666,-98.1782680664942,1
"Quito, Pichincha, 17041, Ecuador",-0.2201641,-78.5123274,1
"Santa Cruz de la Sierra, Provincia Andrés Ibáñez, Santa Cruz, 3212, Bolivia",-17.7834936,-63.1820853,1
"São Paulo, Região Imediata de São Paulo, Região Metropolitana de São Paulo, Região Intermediária de São Paulo, São Paulo, Região Sudeste, Brasil",-23.5506507,-46.6333824,1
"Patagonia, Departamento Río Senguer, Chubut, Argentina",-44.99028505,-70.8173741354423,1
"Santa Cruz, Argentina",-48.5693327,-70.1606767,1
"Mundo, Imperial County, California, United States",33.2736468,-115.569155,1
"Santa Cruz, Argentina",-48.5693327,-70.1606767,1
"Caracas, Municipio Libertador, Distrito Capital, Región Capital, 1010-A, Venezuela",10.506098,-66.9146017,1
"Comunidad de Madrid, España",40.5248319,-3.77156277545181,1
"Comunidad de Madrid, España",40.5248319,-3.77156277545181,1
"Rurrenabaque, Provincia del General José Ballivián Segurola, El Beni, Bolivia",-14.4437498,-67.5311806,1
"Quito, Pichincha, 17041, Ecuador",-0.2201641,-78.5123274,1
"Comunidad de Madrid, España",40.5248319,-3.77156277545181,1
"Culiacán, Sinaloa, 80200, México",24.7978965,-107.393395,1
"Comunidad de Madrid, España",40.5248319,-3.77156277545181,1
"La Paz, Provincia Pedro Domingo Murillo, La Paz, Bolivia",-16.4955455,-68.1336229,1
"Playas de Rosarito, Baja California, México",32.25812915,-116.873307225176,1
"Montevideo, Uruguay",-34.9059039,-56.1913569,1
"Buenos Aires, Ciudad Autónoma de Buenos Aires, Argentina",-34.6075616,-58.437076,1
"Cochabamba, Kanata, Cercado, Cochabamba, Bolivia",-17.3935853,-66.1569588,1
"Cochabamba, Kanata, Cercado, Cochabamba, Bolivia",-17.3935853,-66.1569588,1
"Some Where, شارع 34, Port Saeed, دبي, دبي‎, 22542, الإمارات العربية المتحدة",25.25401995,55.3295514863091,1
"Buenos Aires, Ciudad Autónoma de Buenos Aires, Argentina",-34.6075616,-58.437076,1
"Zapopan, Jalisco, 45129, México",20.7032055,-103.4261243,1
"Barcelona, Barcelonès, Barcelona, Catalunya, España",41.3828939,2.1774322,1
"Centro Recreativo - Círculo Policial Pcia. Bs. As., Aldea Romana, Bahía Blanca, Partido de Bahía Blanca, Buenos Aires, Argentina",-38.6898556,-62.2315812500495,1
"Caracas, Municipio Libertador, Distrito Capital, Región Capital, 1010-A, Venezuela",10.506098,-66.9146017,1
"San Martín de la Vega, Las Vegas, Comunidad de Madrid, 28330, España",40.2110462,-3.5771806,1
"Ituzaingó, Partido de Ituzaingó, Buenos Aires, 1785, Argentina",-34.6583293,-58.6671441,1
"Tarija, Bolivia",-21.583333,-63.833333,1
"Tucumán, Argentina",-26.5643582,-64.882397,1
"Ciudad de México, Cuauhtémoc, Ciudad de México, 06060, México",19.4326009,-99.1333416,1
"West New York, Hudson County, New Jersey, United States of America",40.785529,-74.00830025,1
"Zacatecas, México",23.0000001,-103.0000001,1
"Buenos Aires, Ciudad Autónoma de Buenos Aires, Argentina",-34.6075616,-58.437076,1
"Cuauhtémoc, Ciudad de México, México",19.4416128,-99.1518637,1
"Caracas, Municipio Libertador, Distrito Capital, Región Capital, 1010-A, Venezuela",10.506098,-66.9146017,1
"Buenos Aires, Ciudad Autónoma de Buenos Aires, Argentina",-34.6075616,-58.437076,1
"São Paulo, Região Imediata de São Paulo, Região Metropolitana de São Paulo, Região Intermediária de São Paulo, São Paulo, Região Sudeste, Brasil",-23.5506507,-46.6333824,1
"Potosí, Bolivia",-20.666667,-66.666667,1
"Napa, Napa County, California, United States",38.2971367,-122.2855293,1
"Tampa, Hillsborough County, Florida, United States of America",27.9477595,-82.458444,1
"Maryland, United States of America",39.5162234,-76.9382069,1
"Toronto, Golden Horseshoe, Ontario, M6K 1X9, Canada",43.653963,-79.387207,1
"Caracas, Municipio Libertador, Distrito Capital, Región Capital, 1010-A, Venezuela",10.506098,-66.9146017,1
"Chachapoyas, San Isidro de Maino, Chachapoyas, Amazonas, Perú",-6.3718272,-77.8093378,1
"Distrito Federal, Região Centro-Oeste, Brasil",-15.7754462,-47.7970891,1
"Arizona, United States of America",34.395342,-111.7632755,1
"Miami, Miami-Dade County, Florida, United States of America",25.7742658,-80.1936589,1
"Puebla, México",18.833333,-98.0,1
"Bluffton, Wells County, Indiana, 46714, United States",40.7386579,-85.1716368,1
"São Paulo, Região Imediata de São Paulo, Região Metropolitana de São Paulo, Região Intermediária de São Paulo, São Paulo, Região Sudeste, Brasil",-23.5506507,-46.6333824,1
"القاهرة, محافظة القاهرة, Egypt / مصر",30.048819,31.243666,1
"Puebla, México",18.833333,-98.0,1
"Mazatlán, Sinaloa, 82000, México",23.2313053,-106.4153144,1
"La Paz, Provincia Pedro Domingo Murillo, La Paz, Bolivia",-16.4955455,-68.1336229,1
"Florida, United States of America",27.7567667,-81.4639835,1
"Mar del Plata, Partido de General Pueyrredón, Buenos Aires, Argentina",-37.9977225,-57.5482703,1
"Череповец, городской округ Череповец, Вологодская область, Северо-Западный федеральный округ, 162600, Россия",59.128696,37.916389,1
"Santa Cruz de la Sierra, Provincia Andrés Ibáñez, Santa Cruz, 3212, Bolivia",-17.7834936,-63.1820853,1
"Puebla, México",18.833333,-98.0,1
"Buenos Aires, Ciudad Autónoma de Buenos Aires, Argentina",-34.6075616,-58.437076,1
"Virginia, United States of America",37.1232245,-78.4927721,1
"Florida, United States of America",27.7567667,-81.4639835,1
"La Paz, Provincia Pedro Domingo Murillo, La Paz, Bolivia",-16.4955455,-68.1336229,1
"Puebla, México",18.833333,-98.0,1
"Iztapalapa, Ciudad de México, México",19.3428293,-99.046891938467,1
"Washington, District of Columbia, 20500, United States of America",38.8948932,-77.0365529,1
"Caracas, Municipio Libertador, Distrito Capital, Región Capital, 1010-A, Venezuela",10.506098,-66.9146017,1
"Landkreis Aichach-Friedberg, Schwaben, Bayern, Deutschland",48.406034,11.0627660022719,1
"Puebla, México",18.833333,-98.0,1
"Buenos Aires, Ciudad Autónoma de Buenos Aires, Argentina",-34.6075616,-58.437076,1
"Puebla, México",18.833333,-98.0,1
"Chimalhuacán, Estado de México, 56334, México",19.4339293,-98.9580149,1
"Alaska, United States of America",64.4459613,-149.680909,1
"Santa Cruz, Argentina",-48.5693327,-70.1606767,1
"La Paz, Provincia Pedro Domingo Murillo, La Paz, Bolivia",-16.4955455,-68.1336229,1
Brasil,-10.3333333,-53.2,1
"Ciudad de México, Cuauhtémoc, Ciudad de México, 06060, México",19.4326009,-99.1333416,1
"La Paz, Provincia Pedro Domingo Murillo, La Paz, Bolivia",-16.4955455,-68.1336229,1
"New York, United States of America",40.7127281,-74.0060152,1
"Santa Cruz, Argentina",-48.5693327,-70.1606767,1
"Buenos Aires, Ciudad Autónoma de Buenos Aires, Argentina",-34.6075616,-58.437076,1
"La Paz, Provincia Pedro Domingo Murillo, La Paz, Bolivia",-16.4955455,-68.1336229,1
"Bogotá, Distrito Capital de Bogotá, 110321, Colombia",4.59808,-74.0760439,1
"Rio de Janeiro, Microrregião Rio de Janeiro, Região Metropolitana do Rio de Janeiro, Rio de Janeiro, Região Sudeste, Brasil",-22.9110137,-43.2093727,1
"Ciudad de México, Cuauhtémoc, Ciudad de México, 06060, México",19.4326009,-99.1333416,1
"Buenos Aires, Ciudad Autónoma de Buenos Aires, Argentina",-34.6075616,-58.437076,1
"Santa Cruz, Argentina",-48.5693327,-70.1606767,1
"Tampa, Hillsborough County, Florida, United States of America",27.9477595,-82.458444,1
"Santa Cruz, Argentina",-48.5693327,-70.1606767,1
"Puerto Vallarta, Jalisco, 48300, México",20.6407176,-105.2203066,1
"Ituzaingó, Partido de Ituzaingó, Buenos Aires, 1785, Argentina",-34.6583293,-58.6671441,1
"Buenos Aires, Ciudad Autónoma de Buenos Aires, Argentina",-34.6075616,-58.437076,1
"La Esperanza, Quetzaltenango, Guatemala",14.8692299,-91.571279692296,1
"Las Cumbres, Maldonado, 20000, Uruguay",-34.8489564,-55.0303067,1
"Orem, Utah County, Utah, United States",40.2971825,-111.694943,1
"Guadalajara, Jalisco, 44360, México",20.6720375,-103.3383962,1
"London, Greater London, England, SW1A 2DX, United Kingdom",51.5073219,-0.1276474,1
"Santa Cruz, Argentina",-48.5693327,-70.1606767,1
Bolivia,-17.0568696,-64.9912286,1
"California, United States of America",36.7014631,-118.7559974,1
"Tarija, Bolivia",-21.583333,-63.833333,1
"Miami, Miami-Dade County, Florida, United States of America",25.7742658,-80.1936589,1
"Villahermosa, Campo de Montiel, Ciudad Real, Castilla-La Mancha, España",38.7507812,-2.871768,1
"Guayaquil, Guayas, Ecuador",-2.1899066,-79.887726,1
"California, United States of America",36.7014631,-118.7559974,1
"Guadalajara, Jalisco, 44360, México",20.6720375,-103.3383962,1
"Badalona, Barcelonès, Barcelona, Catalunya, España",41.4493539,2.248254,1
"Buenos Aires, Ciudad Autónoma de Buenos Aires, Argentina",-34.6075616,-58.437076,1
"Tigre, Partido de Tigre, Buenos Aires, Argentina",-34.4226513,-58.5808967,1
"Xalapa, Veracruz de Ignacio de la Llave, 91170, México",19.5408338,-96.9146374,1
"Bilbao, Bilboaldea, Bizkaia, Euskadi, España",43.2630051,-2.9349915,1
"Gómez Palacio, Durango, 35000, México",25.5732473,-103.494779,1
"Xalapa, Veracruz de Ignacio de la Llave, 91170, México",19.5408338,-96.9146374,1
"La Esperanza, Quetzaltenango, Guatemala",14.8692299,-91.571279692296,1
"La Plata, Partido de La Plata, Buenos Aires, Argentina",-34.9206797,-57.9537638,1
"Trinidad, Las Animas County, Colorado, 81082, United States",37.169397,-104.5005411,1
"León, Castilla y León, España",42.5989995,-5.5682413,1
"Buenos Aires, Ciudad Autónoma de Buenos Aires, Argentina",-34.6075616,-58.437076,1
"Utah, United States",39.4225192,-111.7143584,1
"Mérida, Badajoz, Extremadura, 06800, España",38.9174665,-6.3443977,1
"Piazza 80° Fanteria, Fiera-Catena, Mantova, Lombardia, 46100, Italia",45.156909,10.7897611,1
"Asunción, Distrito Capital de Paraguay, Región Oriental, 1301, Paraguay",-25.2800459,-57.6343814,1
"Puebla, México",18.833333,-98.0,1
"Caracas, Municipio Libertador, Distrito Capital, Región Capital, 1010-A, Venezuela",10.506098,-66.9146017,1
"La Esperanza, Quetzaltenango, Guatemala",14.8692299,-91.571279692296,1
"Düsseldorf, Regierungsbezirk Düsseldorf, Nordrhein-Westfalen, 40213, Deutschland",51.2254018,6.7763137,1
"Chihuahua, México",28.5000001,-106.0000001,1
"Matanzas, 73000, Cuba",23.0469365,-81.5785643,1
"Caracas, Municipio Libertador, Distrito Capital, Región Capital, 1010-A, Venezuela",10.506098,-66.9146017,1
"La Paz, Provincia Pedro Domingo Murillo, La Paz, Bolivia",-16.4955455,-68.1336229,1
"La Rioja, España",42.2814642,-2.48280497507047,1
"Santa Cruz, Argentina",-48.5693327,-70.1606767,1
"La Paz, Provincia Pedro Domingo Murillo, La Paz, Bolivia",-16.4955455,-68.1336229,1
"Tigre, Partido de Tigre, Buenos Aires, Argentina",-34.4226513,-58.5808967,1
"Santiago, Cantón Paraíso, Provincia Cartago, 30202, Costa Rica",9.8694792,-83.7980749,1
"La Paz, Provincia Pedro Domingo Murillo, La Paz, Bolivia",-16.4955455,-68.1336229,1
"Buenos Aires, Ciudad Autónoma de Buenos Aires, Argentina",-34.6075616,-58.437076,1
"La Paz, Provincia Pedro Domingo Murillo, La Paz, Bolivia",-16.4955455,-68.1336229,1
"La Paz, Provincia Pedro Domingo Murillo, La Paz, Bolivia",-16.4955455,-68.1336229,1
"Rosario, Municipio de Rosario, Departamento Rosario, Santa Fe, S2000, Argentina",-32.9595004,-60.6615415,1
"Sucre, Provincia Oropeza, Chuquisaca, 9999, Bolivia",-19.0477251,-65.2594306,1
"Oakland, Alameda County, California, United States of America",37.8044557,-122.2713563,1
"Paraíba, Região Nordeste, Brasil",-7.1219366,-36.7246845,1
"La Paz, Provincia Pedro Domingo Murillo, La Paz, Bolivia",-16.4955455,-68.1336229,1
"Santos, Região Imediata de Santos, Região Metropolitana da Baixada Santista, Região Intermediária de São Paulo, São Paulo, Região Sudeste, Brasil",-23.960833,-46.333889,1
"Ciudad de México, Cuauhtémoc, Ciudad de México, 06060, México",19.4326009,-99.1333416,1
"Asunción, Distrito Capital de Paraguay, Región Oriental, 1301, Paraguay",-25.2800459,-57.6343814,1
"La Paz, Provincia Pedro Domingo Murillo, La Paz, Bolivia",-16.4955455,-68.1336229,1
"La Paz, Provincia Pedro Domingo Murillo, La Paz, Bolivia",-16.4955455,-68.1336229,1
"La Paz, Provincia Pedro Domingo Murillo, La Paz, Bolivia",-16.4955455,-68.1336229,1
"Ciudad de México, Cuauhtémoc, Ciudad de México, 06060, México",19.4326009,-99.1333416,1
"Bahia, Região Nordeste, Brasil",-12.285251,-41.9294776,1
Ecuador,-1.3397668,-79.3666965,1
El Salvador,13.8000382,-88.9140683,1
"Hannover, Region Hannover, Niedersachsen, Deutschland",52.3744779,9.7385532,1
República Dominicana,19.0974031,-70.3028026,1
"Rio de Janeiro, Microrregião Rio de Janeiro, Região Metropolitana do Rio de Janeiro, Rio de Janeiro, Região Sudeste, Brasil",-22.9110137,-43.2093727,1
"Madrid, Área metropolitana de Madrid y Corredor del Henares, Comunidad de Madrid, 28001, España",40.4167047,-3.7035825,1
"Playa Dominicalito, Carretera Pacífica Fernández Oreamuno, Dominical, Bahía Ballena, Cantón Osa, Provincia Puntarenas, 60504, Costa Rica",9.23739555,-83.8457313224332,1
"Santa Rosa, Guatemala",14.15015235,-90.3508818353375,1
"La Paz, Provincia Pedro Domingo Murillo, La Paz, Bolivia",-16.4955455,-68.1336229,1
"Bothell, King County, Washington, United States",47.7598697,-122.2068288,1
"La Esperanza, Quetzaltenango, Guatemala",14.8692299,-91.571279692296,1
"Madrid, Área metropolitana de Madrid y Corredor del Henares, Comunidad de Madrid, 28001, España",40.4167047,-3.7035825,1
"Miramar, Broward County, Florida, United States",25.97591145,-80.3347212811522,1
"Caracas, Municipio Libertador, Distrito Capital, Región Capital, 1010-A, Venezuela",10.506098,-66.9146017,1
"Junín, Peru",-11.5,-75.0,1
"La Paz, Provincia Pedro Domingo Murillo, La Paz, Bolivia",-16.4955455,-68.1336229,1
"La Paz, Provincia Pedro Domingo Murillo, La Paz, Bolivia",-16.4955455,-68.1336229,1
Brasil,-10.3333333,-53.2,1
"La Paz, Provincia Pedro Domingo Murillo, La Paz, Bolivia",-16.4955455,-68.1336229,1
"Rosario, Municipio de Rosario, Departamento Rosario, Santa Fe, S2000, Argentina",-32.9595004,-60.6615415,1
"Santa Cruz, Argentina",-48.5693327,-70.1606767,1
"Córdoba, Andalucía, España",37.8845813,-4.7760138,1
"Quito, Pichincha, 17041, Ecuador",-0.2201641,-78.5123274,1
"La Serena, Provincia de Elqui, Región de Coquimbo, Chile",-29.9026615,-71.2520136,1
"La Paz, Provincia Pedro Domingo Murillo, La Paz, Bolivia",-16.4955455,-68.1336229,1
"Cochabamba, Kanata, Cercado, Cochabamba, Bolivia",-17.3935853,-66.1569588,1
"Santiago, Cantón Paraíso, Provincia Cartago, 30202, Costa Rica",9.8694792,-83.7980749,1
"Madrid, Área metropolitana de Madrid y Corredor del Henares, Comunidad de Madrid, 28001, España",40.4167047,-3.7035825,1
"La Plata, Partido de La Plata, Buenos Aires, Argentina",-34.9206797,-57.9537638,1
"La Paz, Provincia Pedro Domingo Murillo, La Paz, Bolivia",-16.4955455,-68.1336229,1
"Santa Cruz, Argentina",-48.5693327,-70.1606767,1
Costa Rica,10.2735633,-84.0739102,1
"Menzingen, Zug, 6313, Schweiz/Suisse/Svizzera/Svizra",47.178291,8.5899339,1
"Oleiros, Comarca da Coruña, A Coruña, Galicia / Galiza, España",43.3507142,-8.3294374,1
"Barcelona, Barcelonès, Barcelona, Catalunya, España",41.3828939,2.1774322,1
"México nuevo, Miguel Hidalgo, Ciudad de México, 11260, México",19.4524648,-99.2040285,1
"Córdoba, Andalucía, España",37.8845813,-4.7760138,1
"La Esperanza, Quetzaltenango, Guatemala",14.8692299,-91.571279692296,1
"Durango, México",24.833333,-104.833333,1
"La Paz, Provincia Pedro Domingo Murillo, La Paz, Bolivia",-16.4955455,-68.1336229,1
"Querétaro, México",20.8542575,-99.84756,1
"Caracas, Municipio Libertador, Distrito Capital, Región Capital, 1010-A, Venezuela",10.506098,-66.9146017,1
"Jamestown, Stutsman County, North Dakota, United States",46.910544,-98.708436,1
"Puerto Rico, Orocovis, Puerto Rico, United States",18.22141715,-66.4132818505648,1
"Washington, District of Columbia, 20500, United States of America",38.8948932,-77.0365529,1
"New York, United States of America",40.7127281,-74.0060152,1
"Comodoro Rivadavia, Departamento Escalante, Chubut, Golfo San Jorge",-45.8626547,-67.4751361,1
"Carabobo, Central, Venezuela",10.166667,-68.083333,1
"Guadalajara, Jalisco, 44360, México",20.6720375,-103.3383962,1
"Zamora, Castilla y León, España",41.6857693,-5.94231501834098,1
"Morelia, Michoacán de Ocampo, 58000, México",19.7027116,-101.1923818,1
"Camiri, Provincia Cordillera, Santa Cruz, Bolivia",-20.0390682,-63.5203507,1
"Cumaná, Municipio Sucre, Sucre, 6101, Venezuela",10.4494466,-64.1630154,1
"UT 10, Sevier County, Utah, 84522, United States",38.836753,-111.3174222,1
"Centro de, Avenida Constitución, Lomas del Padre, Cuajimalpa de Morelos, Ciudad de México, 05020, México",19.3545158,-99.3191599,1
"Maracay, Municipio Girardot, Aragua, 2104, Venezuela",10.2513662,-67.6017245,1
"New York, United States of America",40.7127281,-74.0060152,1
"São Paulo, Região Imediata de São Paulo, Região Metropolitana de São Paulo, Região Intermediária de São Paulo, São Paulo, Região Sudeste, Brasil",-23.5506507,-46.6333824,1
"New York, United States of America",40.7127281,-74.0060152,1
"Bruxelles / Brussel, Ville de Bruxelles - Stad Brussel, Brussel-Hoofdstad - Bruxelles-Capitale, Région de Bruxelles-Capitale - Brussels Hoofdstedelijk Gewest, België - Belgique - Belgien",50.8436709,4.36743669338796,1
"Bogotá, Distrito Capital de Bogotá, 110321, Colombia",4.59808,-74.0760439,1
"Cochabamba, Kanata, Cercado, Cochabamba, Bolivia",-17.3935853,-66.1569588,1
"Tampico, Tamaulipas, 89160, México",22.2329889,-97.8614802,1
"Maracaibo, Municipio Maracaibo, Zulia, 4001, Venezuela",10.6499149,-71.6396282,1
"Yucatán, México",20.6845957,-88.8755669,1
"Acapulco, Acapulco de Juárez, Guerrero, 39300, México",16.8680495,-99.8940182,1
"Minnesota, United States of America",45.9896587,-94.6113288,1
"Campeche, México",19.32920555,-89.9439148263377,1
"La Paz, Provincia Pedro Domingo Murillo, La Paz, Bolivia",-16.4955455,-68.1336229,1
Bolivia,-17.0568696,-64.9912286,1
"Falcón, Región Centroccidental, Venezuela",11.0,-69.833333,1
"Falcón, Región Centroccidental, Venezuela",11.0,-69.833333,1
"Santa Cruz, Argentina",-48.5693327,-70.1606767,1
"Sydney, New South Wales, Australia",-33.8548157,151.2164539,1
"Bogotá, Distrito Capital de Bogotá, 110321, Colombia",4.59808,-74.0760439,1
"Vicente López, Partido de Vicente López, Buenos Aires, Argentina",-34.5244484,-58.5036282,1
"Falcón, Región Centroccidental, Venezuela",11.0,-69.833333,1
"La Jolla, San Diego County, California, 92037, United States",32.83259,-117.2716839,1
"São Paulo, Região Imediata de São Paulo, Região Metropolitana de São Paulo, Região Intermediária de São Paulo, São Paulo, Região Sudeste, Brasil",-23.5506507,-46.6333824,1
"La Paz, Provincia Pedro Domingo Murillo, La Paz, Bolivia",-16.4955455,-68.1336229,1
"Guadalajara, Jalisco, 44360, México",20.6720375,-103.3383962,1
"Aguascalientes, México",22.0000001,-102.5000001,1
"Santa Cruz, Argentina",-48.5693327,-70.1606767,1
"La Paz, Provincia Pedro Domingo Murillo, La Paz, Bolivia",-16.4955455,-68.1336229,1
"Bogotá, Distrito Capital de Bogotá, 110321, Colombia",4.59808,-74.0760439,1
"Santo Domingo, Santo Domingo De Guzmán, Distrito Nacional, 10129, República Dominicana",18.4801972,-69.942111,1
"Caracas, Municipio Libertador, Distrito Capital, Región Capital, 1010-A, Venezuela",10.506098,-66.9146017,1
"Quito, Pichincha, 17041, Ecuador",-0.2201641,-78.5123274,1
"Maracaibo, Municipio Maracaibo, Zulia, 4001, Venezuela",10.6499149,-71.6396282,1
"Tláhuac, Ciudad de México, México",19.26950425,-99.0040968403251,1
"Toronto, Golden Horseshoe, Ontario, M6K 1X9, Canada",43.653963,-79.387207,1
"Azuay, Ecuador",-3.0524451,-79.2395135,1
"La Paz, Provincia Pedro Domingo Murillo, La Paz, Bolivia",-16.4955455,-68.1336229,1
"Upata, Distrito Caroní, Bolívar, 8052, Venezuela",8.0169645,-62.4057556,1
"San Diego, San Diego County, California, United States of America",32.7174209,-117.1627714,1
"Guadalajara, Jalisco, 44360, México",20.6720375,-103.3383962,1
"São Paulo, Região Imediata de São Paulo, Região Metropolitana de São Paulo, Região Intermediária de São Paulo, São Paulo, Região Sudeste, Brasil",-23.5506507,-46.6333824,1
"Distrito Federal, Região Centro-Oeste, Brasil",-15.7754462,-47.7970891,1
"Ontario, Canada",50.000678,-86.000977,1
"Quito, Pichincha, 17041, Ecuador",-0.2201641,-78.5123274,1
"Santa Cruz de la Sierra, Provincia Andrés Ibáñez, Santa Cruz, 3212, Bolivia",-17.7834936,-63.1820853,1
"Caracas, Municipio Libertador, Distrito Capital, Región Capital, 1010-A, Venezuela",10.506098,-66.9146017,1
"La Paz, Provincia Pedro Domingo Murillo, La Paz, Bolivia",-16.4955455,-68.1336229,1
"La Paz, Provincia Pedro Domingo Murillo, La Paz, Bolivia",-16.4955455,-68.1336229,1
"Ciudad Ojeda, Municipio Lagunillas, Zulia, 4017, Venezuela",10.2180486,-71.3279054,1
"Azuay, Ecuador",-3.0524451,-79.2395135,1
"Virginia, United States of America",37.1232245,-78.4927721,1
"Москва, Центральный административный округ, Москва, Центральный федеральный округ, Россия",55.7504461,37.6174943,1
"Guanajuato, México",20.9876996,-101.0,1
"San Pedro Sula, Cortés, Honduras",15.505647,-88.0241963,1
"Guadalajara, Jalisco, 44360, México",20.6720375,-103.3383962,1
"Caracas, Municipio Libertador, Distrito Capital, Región Capital, 1010-A, Venezuela",10.506098,-66.9146017,1
"Buenos Aires, Ciudad Autónoma de Buenos Aires, Argentina",-34.6075616,-58.437076,1
"Sydney, New South Wales, Australia",-33.8548157,151.2164539,1
"Puebla, México",18.833333,-98.0,1
"Lima, Peru",-12.0621065,-77.0365256,1
"Aragua, Central, Venezuela",10.0,-67.166667,1
"Tucumán, Argentina",-26.5643582,-64.882397,1
"Potosí, Bolivia",-20.666667,-66.666667,1
"Madrid, Área metropolitana de Madrid y Corredor del Henares, Comunidad de Madrid, 28001, España",40.4167047,-3.7035825,1
"Guanajuato, México",20.9876996,-101.0,1
"Carabobo, Central, Venezuela",10.166667,-68.083333,1
"Carabobo, Central, Venezuela",10.166667,-68.083333,1
"Portoviejo, Manabí, Ecuador",-1.0529517,-80.4533134,1
"Minas Gerais, Região Sudeste, Brasil",-18.5264844,-44.1588654,1
"Distrito Federal, Região Centro-Oeste, Brasil",-15.7754462,-47.7970891,1
"Bogotá, Distrito Capital de Bogotá, 110321, Colombia",4.59808,-74.0760439,1
"Monterrey, Nuevo León, México",25.63978365,-100.293101629066,1
"Florida, United States of America",27.7567667,-81.4639835,1
"Port-au-Prince, Arrondissement de Port-au-Prince, Département de l'Ouest, BP98, Haiti",18.547327,-72.3395928,1
"London, Greater London, England, SW1A 2DX, United Kingdom",51.5073219,-0.1276474,1
"Zapopan, Jalisco, 45129, México",20.7032055,-103.4261243,1
"Zapopan, Jalisco, 45129, México",20.7032055,-103.4261243,1
"Michoacán de Ocampo, México",19.207098,-101.878113,1
"Acapulco, Acapulco de Juárez, Guerrero, 39300, México",16.8680495,-99.8940182,1
"Madrid, Área metropolitana de Madrid y Corredor del Henares, Comunidad de Madrid, 28001, España",40.4167047,-3.7035825,1
"Puerto Vallarta, Jalisco, 48300, México",20.6407176,-105.2203066,1
"Rosario, Municipio de Rosario, Departamento Rosario, Santa Fe, S2000, Argentina",-32.9595004,-60.6615415,1
"Puerto Montt, Provincia de Llanquihue, Región de Los Lagos, Chile",-41.4718121,-72.939621,1
"Madrid, Área metropolitana de Madrid y Corredor del Henares, Comunidad de Madrid, 28001, España",40.4167047,-3.7035825,1
"New York, United States of America",40.7127281,-74.0060152,1
"Nezahualcóyotl, Estado de México, 57000, México",19.4021151,-99.0170173,1
"Almirante Brown, Ushuaia, Departamento Ushuaia, Tierra del Fuego, Argentina",-54.8138433,-68.3296678,1
"Madrid, Área metropolitana de Madrid y Corredor del Henares, Comunidad de Madrid, 28001, España",40.4167047,-3.7035825,1
"Chiclayo, Lambayeque, Perú",-6.766417,-79.8408308,1
"La Paz, Provincia Pedro Domingo Murillo, La Paz, Bolivia",-16.4955455,-68.1336229,1
"Uruapan, Michoacán de Ocampo, México",19.40604335,-102.034290046219,1
"Los Angeles, Los Angeles County, California, United States of America",34.0536909,-118.2427666,1
"Yucatán, México",20.6845957,-88.8755669,1
"Lima, Peru",-12.0621065,-77.0365256,1
"Buenos Aires, Ciudad Autónoma de Buenos Aires, Argentina",-34.6075616,-58.437076,1
"Montevideo, Uruguay",-34.9059039,-56.1913569,1
"Madrid, Área metropolitana de Madrid y Corredor del Henares, Comunidad de Madrid, 28001, España",40.4167047,-3.7035825,1
"Tegucigalpa, Francisco Morazán, 12101, Honduras",14.0931919,-87.2012631,1
"La Paz, Provincia Pedro Domingo Murillo, La Paz, Bolivia",-16.4955455,-68.1336229,1
"Segovia, Castilla y León, España",40.9502159,-4.1241494,1
"Managua, Managua (Municipio), Departamento de Managua, 10000 (CODIGO MAESTRO), Nicaragua",12.1461244,-86.273717,1
"Caracas, Municipio Libertador, Distrito Capital, Región Capital, 1010-A, Venezuela",10.506098,-66.9146017,1
"Barcelona, Barcelonès, Barcelona, Catalunya, España",41.3828939,2.1774322,1
"Caracas, Municipio Libertador, Distrito Capital, Región Capital, 1010-A, Venezuela",10.506098,-66.9146017,1
"Provincia Alajuela, Costa Rica",10.6916755,-84.7561318,1
"Cuauhtémoc, Ciudad de México, México",19.4416128,-99.1518637,1
"Los Angeles, Los Angeles County, California, United States of America",34.0536909,-118.2427666,1
"Bogotá, Distrito Capital de Bogotá, 110321, Colombia",4.59808,-74.0760439,1
"La Paz, Provincia Pedro Domingo Murillo, La Paz, Bolivia",-16.4955455,-68.1336229,1
"Madrid, Área metropolitana de Madrid y Corredor del Henares, Comunidad de Madrid, 28001, España",40.4167047,-3.7035825,1
"Mississippi, United States of America",32.9715645,-89.7348497,1
"Atlacomulco, Estado de México, 50490, México",19.81591915,-99.8681193246918,1
"Radebeul, Meißen, Sachsen, 01445, Deutschland",51.0999765,13.6767995,1
"Bridgwater, Somerset, South West England, England, TA6, United Kingdom",51.1283378,-3.0037046,1
"Manche, Normandie, France métropolitaine, France",49.0918952,-1.24543706075455,1
"Tarragona, Tarragonès, Tarragona, Catalunya, España",41.1172364,1.2546057,1
"Flores, KABUPATEN MANGGARAI, Nusa Tenggara Timur, Indonesia",-8.50998695,120.598410609888,1
"Barra da Tijuca, Zona Oeste do Rio de Janeiro, Rio de Janeiro, Microrregião Rio de Janeiro, Região Metropolitana do Rio de Janeiro, Rio de Janeiro, Região Sudeste, Brasil",-22.9997404,-43.3659929,1
"Buenos Aires, Ciudad Autónoma de Buenos Aires, Argentina",-34.6075616,-58.437076,1
"Caracas, Municipio Libertador, Distrito Capital, Región Capital, 1010-A, Venezuela",10.506098,-66.9146017,1
"Distrito Capital, Colombia",4.28234055,-74.1758039821991,1
"Dallas, Dallas County, Texas, United States of America",32.7762719,-96.7968559,1
"La Paz, Provincia Pedro Domingo Murillo, La Paz, Bolivia",-16.4955455,-68.1336229,1
"Girardot, Cundinamarca, 252431, Colombia",4.306643,-74.8015665,1
"Florida, United States of America",27.7567667,-81.4639835,1
"Queensland, Australia",-21.9182856,144.4588889,1
"Caracas, Municipio Libertador, Distrito Capital, Región Capital, 1010-A, Venezuela",10.506098,-66.9146017,1
"Guanajuato, México",20.9876996,-101.0,1
"Zapopan, Jalisco, 45129, México",20.7032055,-103.4261243,1
"Mar del Plata, Partido de General Pueyrredón, Buenos Aires, Argentina",-37.9977225,-57.5482703,1
"Santiago, Cantón Paraíso, Provincia Cartago, 30202, Costa Rica",9.8694792,-83.7980749,1
"Mazatlán, Sinaloa, 82000, México",23.2313053,-106.4153144,1
"La Paz, Provincia Pedro Domingo Murillo, La Paz, Bolivia",-16.4955455,-68.1336229,1
"Berlin, 10117, Deutschland",52.5170365,13.3888599,1
"Minna, Chanchaga, Niger, Nigeria",9.6187093,6.5475752,1
"Distrito Capital, Colombia",4.28234055,-74.1758039821991,1
"Caracas, Municipio Libertador, Distrito Capital, Región Capital, 1010-A, Venezuela",10.506098,-66.9146017,1
"Guantánamo, Cuba",20.10997985,-75.1404705798574,1
"Ciudad de México, Cuauhtémoc, Ciudad de México, 06060, México",19.4326009,-99.1333416,1
"El Bajio (Bojorquez), Hermosillo, Sonora, México",28.986,-110.7351667,1
"Buenos Aires, Ciudad Autónoma de Buenos Aires, Argentina",-34.6075616,-58.437076,1
"Caracas, Municipio Libertador, Distrito Capital, Región Capital, 1010-A, Venezuela",10.506098,-66.9146017,1
"Maracaibo, Municipio Maracaibo, Zulia, 4001, Venezuela",10.6499149,-71.6396282,1
"Alto, Cuneo, Piemonte, Italia",44.1089458,8.003074,1
"Alacant / Alicante, l'Alacantí, Alacant / Alicante, Comunitat Valenciana, España",38.353738,-0.4901846,1
"New York, United States of America",40.7127281,-74.0060152,1
"Rosario, Municipio de Rosario, Departamento Rosario, Santa Fe, S2000, Argentina",-32.9595004,-60.6615415,1
"La Paz, Provincia Pedro Domingo Murillo, La Paz, Bolivia",-16.4955455,-68.1336229,1
"Montevideo, Uruguay",-34.9059039,-56.1913569,1
"Recoleta, Buenos Aires, Ciudad Autónoma de Buenos Aires, Argentina",-34.587358,-58.39157,1
"Machala, El Oro, Ecuador",-3.2587494,-79.9595133,1
"Buenos Aires, Ciudad Autónoma de Buenos Aires, Argentina",-34.6075616,-58.437076,1
"Villa Carlos Paz, Municipio de Villa Carlos Paz, Pedanía San Roque, Departamento Punilla, Córdoba, X5166, Argentina",-31.4183774,-64.4936985,1
"Bogotá, Distrito Capital de Bogotá, 110321, Colombia",4.59808,-74.0760439,1
"Bogotá, Distrito Capital de Bogotá, 110321, Colombia",4.59808,-74.0760439,1
"General San Martín, Partido de General San Martín, Buenos Aires, Argentina",-34.5762765,-58.5388435,1
"Alto, Cuneo, Piemonte, Italia",44.1089458,8.003074,1
"Alto, Cuneo, Piemonte, Italia",44.1089458,8.003074,1
"Buenos Aires, Ciudad Autónoma de Buenos Aires, Argentina",-34.6075616,-58.437076,1
"Rosario, Municipio de Rosario, Departamento Rosario, Santa Fe, S2000, Argentina",-32.9595004,-60.6615415,1
"Buenos Aires, Ciudad Autónoma de Buenos Aires, Argentina",-34.6075616,-58.437076,1
"Buenos Aires, Ciudad Autónoma de Buenos Aires, Argentina",-34.6075616,-58.437076,1
"Caracas, Municipio Libertador, Distrito Capital, Región Capital, 1010-A, Venezuela",10.506098,-66.9146017,1
"San Carlos, Oriente, Antioquia, Colombia",6.19008655,-74.942193364632,1
"Rosario, Municipio de Rosario, Departamento Rosario, Santa Fe, S2000, Argentina",-32.9595004,-60.6615415,1
"Bogotá, Distrito Capital de Bogotá, 110321, Colombia",4.59808,-74.0760439,1
"Montevideo, Uruguay",-34.9059039,-56.1913569,1
"Comunidad de Madrid, España",40.5248319,-3.77156277545181,1
"Rio de Janeiro, Microrregião Rio de Janeiro, Região Metropolitana do Rio de Janeiro, Rio de Janeiro, Região Sudeste, Brasil",-22.9110137,-43.2093727,1
"La Spezia, Liguria, Italia",44.23836595,9.69123263454754,1
"Buenos Aires, Ciudad Autónoma de Buenos Aires, Argentina",-34.6075616,-58.437076,1
